Identifier ,objectid,object_location,,creator,publisher,date,date-is-approximate?,format,type,display_template,subject,description,image_small,image_thumb,image_alt_text
sookejr,jrhp_001,/objects/sookejr.jpg,Aerial Photo of Estuary with Lumber Mill,,,,,Image/JPG,photo,image,Forestry; Mill; Coastline,Black and White Aerial Photo of the estuary and Lumber Mill,/objects/small/sookejr_sm.jpg,/objects/thumbs/sookejr_th.jpg,
chowicancoppermine1965,jrhp_002,/objects/chowicancoppermine1965.jpg,Cowichan Copper Mine,,,1965,yes,Image/JPG,photo,image,Mining; Copper,Black and White Photo of the copper mine,/objects/small/chowicancoppermine1965_sm.jpg,/objects/thumbs/chowicancoppermine1965_th.jpg,
loggingopitem,jrhp_003,/objects/loggingopitem.png,Logging Operation at Jordan River,,,,,Image/PNG,photo,image,Forestry; Workers,Black and White Photo of logging workers,/objects/small/loggingopitem_sm.jpg,/objects/thumbs/loggingopitem_th.jpg,
1974minewastedumpandpond,jrhp_004,/objects/1974minewastedumpandpond.pdf,Mine Waste Dump and Pond,,,1974,,Image/PDF,photo,image,Mining; Copper; Sunro; Dumping,Black and White Photo of the Sunro Mine and the River below,/objects/small/1974minewastedumpandpond_sm.jpg,/objects/thumbs/1974minewastedumpandpond_th.jpg,
fileid_15115,jrhp_005,/objects/fileid_15115.pdf,Mine Waste Dump and Pond,,,1974,yes,Image/PDF,photo,image,Mining; Copper; Sunro; Dumping,Black and White Photo of the Sunro Mine and the River below,/objects/small/fileid_15115_sm.jpg,/objects/thumbs/fileid_15115_th.jpg,
fileid_15129,jrhp_006,/objects/fileid_15129.pdf,Sundo Mine Entrance,,,1958,yes,Image/PDF,photo,image,Mining; Copper; Sunro; Dumping,Black and White Photo of the Sundo Mine Entrance,/objects/small/fileid_15129_sm.jpg,/objects/thumbs/fileid_15129_th.jpg,
fileid_15134,jrhp_007,/objects/fileid_15134.pdf,Mine drill bit and Workers,,,,,Image/PDF,photo,image,Mining,Black and White Photo the Mining Drill Bit and Workers,/objects/small/fileid_15134_sm.jpg,/objects/thumbs/fileid_15134_th.jpg,
fileid_61241,jrhp_008,/objects/fileid_61241.pdf,Maveric River adds to the Mine Flow,,Times Colonist,1964-01-09,,Image/PDF,photo,image,Mining; Flood; Cowichan Copper Company; Copper,Black and White Newsprint with Photos of the Mine being flooded in 1964,/objects/small/fileid_61241_sm.jpg,/objects/thumbs/fileid_61241_th.jpg,
fileid_61335,jrhp_009,/objects/fileid_61335.pdf,Heavy Rain to Delay Flooded Mine Repair,,Victoria Daily Times,1963-12-07,,Image/PDF,photo,image,Mining; Flood; Cowichan Copper Company; Copper,Black and White Newsprint with Photos of the Mine being flooded in 1964,/objects/small/fileid_61335_sm.jpg,/objects/thumbs/fileid_61335_th.jpg,
jrestuary,jrhp_010,/objects/jrestuary.png,Aerial Photo of Estuary with Lumber Mill 2,,,,,Image/PNG,photo,image,Estuary; Forestry; Mill,Black and White Aerial Photo of the Estuary and Logging Mill,/objects/small/jrestuary_sm.jpg,/objects/thumbs/jrestuary_th.jpg,
jrestuary2,jrhp_011,/objects/jrestuary2.png,Aerial Photo of Estuary with Lumber Mill 3,,,,,Image/PNG,photo,image,Estuary; Forestry; Mill,Black and White Aerial Photo of the Estuary and Logging Mill,/objects/small/jrestuary2_sm.jpg,/objects/thumbs/jrestuary2_th.jpg,
1917boomingarea,jrhp_012,/objects/1917boomingarea.jpg,Booming Area Photo,,,1917,,Image/JPG,photo,image,Estuary; Forestry; Booming,Black and White Photo of the Booming Area,/objects/small/1917boomingarea_sm.jpg,/objects/thumbs/1917boomingarea_th.jpg,
forebaypond,jrhp_013,/objects/forebaypond.jpg,Forebay Pond,,,,,Image/JPG,photo,image,Estuary; Forestry; Forebay Pond,Black and White Photo of the Forebay Pond,/objects/small/forebaypond_sm.jpg,/objects/thumbs/forebaypond_th.jpg,
1950slogbooming,jrhp_014,/objects/1950slogbooming.jpg,Log Booming Photo,,,1950,yes,Image/JPG,photo,image,Estuary; Forestry; Booming,Black and White Photo of a crane lifting logs,/objects/small/1950slogbooming_sm.jpg,/objects/thumbs/1950slogbooming_th.jpg,
1920railcar,jrhp_015,/objects/1920railcar.jpg,Rail Car,,,1920,yes,Image/JPG,photo,image,Railcar,Black and White Photo of men on a Rail car,/objects/small/1920railcar_sm.jpg,/objects/thumbs/1920railcar_th.jpg,
winklerbio,jrhp_016,/objects/winklerbio.png,"George Winkler, the Poet Prospector",,,1908,yes,Image/PNG,photo,image,George Winkler; Prospector; Mining,"Screenshot of Royal BC Museum Entry on George Winkler, with brief biography and black and white photograph of the man himself",/objects/small/winklerbio_sm.jpg,/objects/thumbs/winklerbio_th.jpg,
rcbmhydroflume,jrhp_017,/objects/rcbmhydroflume.png,The dam at the Jordan River,,,1919,yes,Image/PNG,photo,image,Hydroelectric; Dam,Black and White photo of the dam in construction,/objects/small/rcbmhydroflume_sm.jpg,/objects/thumbs/rcbmhydroflume_th.jpg,
rmcbhsunloch1919rail1,jrhp_018,/objects/rmcbhsunloch1919rail1.png,Rail line near Sunloch Mine,,,1919,yes,Image/PNG,photo,image,Mining; Sunloch Mines Ltd.,Black and White photo of rail line,/objects/small/rmcbhsunloch1919rail1_sm.jpg,/objects/thumbs/rmcbhsunloch1919rail1_th.jpg,
rmcbhsunloch1919rail2,jrhp_019,/objects/rmcbhsunloch1919rail2.png,Rail line near Sunloch Mine 2,,,1919,yes,Image/PNG,photo,image,Mining; Sunloch Mines Ltd.,Black and White photo of rail line,/objects/small/rmcbhsunloch1919rail2_sm.jpg,/objects/thumbs/rmcbhsunloch1919rail2_th.jpg,
rmcbhsunloch1919rail3,jrhp_020,/objects/rmcbhsunloch1919rail3.png,Rail line near Sunloch Mine 3,,,1919,yes,Image/PNG,photo,image,Mining; Sunloch Mines Ltd.,Black and White photo of rail line,/objects/small/rmcbhsunloch1919rail3_sm.jpg,/objects/thumbs/rmcbhsunloch1919rail3_th.jpg,
1920powerhousejr,jrhp_021,/objects/1920powerhousejr.jpg,Powerhouse at Jordan River 1920,,,1920,yes,Image/JPG,photo,image,Hydroelectric,Black and White photo of powerhouse,/objects/small/1920powerhousejr_sm.jpg,/objects/thumbs/1920powerhousejr_th.jpg,
1930sjordanriveranddam,jrhp_022,/objects/1930sjordanriveranddam.jpg,Camp 2 at Jordan River and Dam 1930's,,,1930,yes,Image/JPG,photo,image,Forestry; Settlement; Dam; Settlement,Black and White photo of a camp adjacent to the dam,/objects/small/1930sjordanriveranddam_sm.jpg,/objects/thumbs/1930sjordanriveranddam_th.jpg,
1920jrsunlockmines,jrhp_023,/objects/1920jrsunlockmines.jpg,Jordan River Miner in the 1920s,,,1920,yes,Image/JPG,photo,image,Mining,Black and White photo of a miner,/objects/small/1920jrsunlockmines_sm.jpg,/objects/thumbs/1920jrsunlockmines_th.jpg,
1945_48jrcommunityhal,jrhp_024,/objects/1945_48jrcommunityhall.jpg,Jordan River Community Hall 1945-48,,,1940,yes,Image/JPG,photo,image,Settlement,Black and White photo of the community hall,/objects/small/1945_48jrcommunityhal_sm.jpg,/objects/thumbs/1945_48jrcommunityhal_th.jpg,
1926jrpowerhouse,jrhp_025,/objects/1926jrpowerhouse.jpg,Jordan River Powerhouse 1926,,,1926,yes,Image/JPG,photo,image,Hydroelectric,Black and White photo of powerhouse,/objects/small/1926jrpowerhouse_sm.jpg,/objects/thumbs/1926jrpowerhouse_th.jpg,
clearingwherepowerhousewasbuiltjordanriver1908,jrhp_026,/objects/clearingwherepowerhousewasbuiltjordanriver1908.jpg,Clearing where powerhouse was built,,,1908,yes,Image/JPG,photo,image,Hydroelectric ,Black and White photo of cleared field adjacent to dam,/objects/small/clearingwherepowerhousewasbuiltjordanriver1908_sm.jpg,/objects/thumbs/clearingwherepowerhousewasbuiltjordanriver1908_th.jpg,
1904viewjr,jrhp_026.5,/objects/1904viewjr.jpg,View of the Jordan River 1904,,,1904,yes,Image/JPG,photo,image,,,/objects/small/1904viewjr_sm.jpg,/objects/thumbs/1904viewjr_th.jpg,
telegraphhutjr,jrhp_027,/objects/telegraphhutjr.jpg,Telegraph Hut,,,,,Image/JPG,photo,image,,Black and White photo the Jordan River,/objects/small/telegraphhutjr_sm.jpg,/objects/thumbs/telegraphhutjr_th.jpg,
1919mandrillingrock,jrhp_028,/objects/1919mandrillingrock.png,Man Drilling a Rock ,,,1917,yes,Image/JPG,photo,image,Mining,Black and White photo the Jordan River Homes,/objects/small/1919mandrillingrock_sm.jpg,/objects/thumbs/1919mandrillingrock_th.jpg,
homesatjr,jrhp_029,/objects/homesatjr.jpg,Homes of the Jordan River 1920's ,,,1920,yes,Image/JPG,photo,image,Settlement,Black and White photo of a man drilling a rock,/objects/small/homesatjr_sm.jpg,/objects/thumbs/homesatjr_th.jpg,
1911rivermouth,jrhp_030,/objects/1911rivermouth.jpg,River Mouth 1911,,,1911,yes,Image/JPG,photo,image,,Black and White photo the Jordan River,/objects/small/1911rivermouth_sm.jpg,/objects/thumbs/1911rivermouth_th.jpg,
1900_1910jrdock,jrhp_031,/objects/1900_1910jrdock.pdf,Dock and Straights 1900-1910,,,1900,yes,Image/JPG,photo,image,Settlement,Screenshot of the University of British Columbia ,/objects/small/1900_1910jrdock_sm.jpg,/objects/thumbs/1900_1910jrdock_th.jpg,
,,,,,,,,,,,,,,,
1983ethnobotany_nancyturner,jrhfn_001,/objects/1983ethnobotany_nancyturner.pdf,"Ethnobotany of the
Nitinaht Indians of Vancouver Island",,,1983,yes,application/pdf,Book,pdf,Ethnobotany; Plants; Indigenous; First Nations; Biology,,/objects/small/1983ethnobotany_nancyturner_sm.jpg,/objects/thumbs/1983ethnobotany_nancyturner_th.jpg,
2022canadawateragencyvirtualdialogu,jrhfn_002,/objects/2022canadawateragencyvirtualdialogue.pdf,Water Dialogue Series: Canada Water Agency What We Heard Report,BC Assembly of First Nations,BC Assembly of First Nations,2022-07-01,yes,application/pdf,Report,pdf,Advocacy; Canada Water Agency; First Nations,,/objects/small/2022canadawateragencyvirtualdialogu_sm.jpg,/objects/thumbs/2022canadawateragencyvirtualdialogu_th.jpg,
2022bc_firstnationstoappealnechakorivercourtruling,jrhfn_003,/objects/2022bc_firstnationstoappealnechakorivercourtruling.pdf,"B.C. First Nations plan to appeal ruling to
restore natural river flows 70 years later",CTV News Vancouver,CTV News Vancouver,2022-02-04,,application/pdf,News Article,pdf,Legal Case; River Diversion; First Nations; Advocacy; Salmon,,/objects/small/2022bc_firstnationstoappealnechakorivercourtruling_sm.jpg,/objects/thumbs/2022bc_firstnationstoappealnechakorivercourtruling_th.jpg,
ditidahtandpacheedaht2019treatyagreementinprinciple,jrhfn_004,/objects/ditidahtandpacheedaht2019treatyagreementinprinciple.pdf,Ditidaht & Pacheedaht Agreement in Principle - Treaty,,,2019-06-28,,application/pdf,Treaty Document,pdf,First Nations; Treaty,,/objects/small/ditidahtandpacheedaht2019treatyagreementinprinciple_sm.jpg,/objects/thumbs/ditidahtandpacheedaht2019treatyagreementinprinciple_th.jpg,
2020caseforaguardiannetwork,jrhfn_005,/objects/2020caseforaguardiannetwork.pdf,Case for a Guardian Network Initiative ,BC First Nations Energy and Mining Council and UVic Environmental Centre,Environmental Law Centre University of Canada,2020-07-01,,application/pdf,Advocacy Report,pdf,First Nations; Guardian Programs; Conservation,,/objects/small/2020caseforaguardiannetwork_sm.jpg,/objects/thumbs/2020caseforaguardiannetwork_th.jpg,
siyam2022facultyofenvironmentstepintotheriveraframeworkforeconomicreconciliation,jrhfn_006,/objects/siyam2022facultyofenvironmentstepintotheriveraframeworkforeconomicreconciliation.pdf,Step into the River: A Framework for Economic Reconciliation,Sxwpilemaát Siyám and Lily Raphael,,2022,yes,application/pdf,Advocacy Report,pdf,First Nations; Justice,,/objects/small/siyam2022facultyofenvironmentstepintotheriveraframeworkforeconomicreconciliation_sm.jpg,/objects/thumbs/siyam2022facultyofenvironmentstepintotheriveraframeworkforeconomicreconciliation_th.jpg,
2001jordanriverhistoricalsalmonidsurvey,jrhfn_007,/objects/2001jordanriverhistoricalsalmonidsurvey.pdf,Jordan River Historical Salmond Survey ,RRL Recreation Resources Limited ,RRL Recreation Resources Limited ,2001-1,yes,application/pdf,Public Survey ,pdf,Salmon; BC Hydro;,Survey of public anecdotal knowledge knowledge of salmon conditions pre- 1971,/objects/small/2001jordanriverhistoricalsalmonidsurvey_sm.jpg,/objects/thumbs/2001jordanriverhistoricalsalmonidsurvey_th.jpg,
reviewoffirstnationresources,jrhfn_008,/objects/reviewoffirstnationresources.pdf,Review of the Ethnographic and Historical Resources: T'Sou-ke and Pacheedaht First Nations,Ministry of Attorney General Legal Services Branch ,,2008-10-20,,application/pdf,Research,pdf,First Nations; Land Use; Sooke; Pacheedaht ,,/objects/small/reviewoffirstnationresources_sm.jpg,/objects/thumbs/reviewoffirstnationresources_th.jpg,
plummer2018pacheedahtreflectontheiroriginsinhashilthsa,jrhfn_009,/objects/plummer2018pacheedahtreflectontheiroriginsinhashilthsa.pdf,"A sacred rattle, a fleeing tribe, an eagle eating a sockeye: Pacheedaht reflect on their origins and future with recent land purchase",Eric Plumber,Ha-Shilth-Sa,,,application/pdf,News Article,pdf,Hydroelectric; Land Use; Pacheedaht; BC Hydro,Ceremony Description in relation to Pacheedaht buying historic lands from BC Hydro  ,/objects/small/plummer2018pacheedahtreflectontheiroriginsinhashilthsa_sm.jpg,/objects/thumbs/plummer2018pacheedahtreflectontheiroriginsinhashilthsa_th.jpg,
pnf2017lup_newsletter,jrhfn_010,/objects/pnf2017lup_newsletter.pdf,Pacheedaht First Nation Newsletter,Pamela Jones Kristine Pearson,Pacheedaht First Nation ,2017-10-1,,application/pdf,Newsletter,pdf,First Nations; Land Use; Pacheedaht ,Pacheedaht First Nation Newsletter Land Use Planning,/objects/small/pnf2017lup_newsletter_sm.jpg,/objects/thumbs/pnf2017lup_newsletter_th.jpg,
mcletla07Apr2016,jrhfn_011,/objects/mcletla07Apr2016.pdf,Site C Project Tripartite Land Agreement,,,2016-04-07,,application/pdf,Land Use Agreement,pdf,Land Agreement; BC Hydro; Land Use; Hydroelectric; Mcleod Lake Indian Band,,/objects/small/mcletla07Apr2016_sm.jpg,/objects/thumbs/mcletla07Apr2016_th.jpg,
2017pacheedahttraditionaluseandoccupancystudyreport,jrhfn_013,/objects/2017pacheedahttraditionaluseandoccupancystudyreport.pdf,Pacheedaht First Nation Traditional Use and Occupancy Study Report for Port Metro Vancouver Roberts Bank Terminal 2 Project!,"Pacheedaht Heritage Project, Pacheedaht First Nation Treaty Department",,2015-09-23,,application/pdf,Land Use Study,pdf,Pacheedaht; Land Use; History; Survey,"This report presents information about the Pacheedaht First Nation related to their
aboriginal interests (rights and title) and traditional use and current use of lands, waters
and resources, as related to the Port Metro Vancouver Roberts Bank Terminal 2 Project.
The report has been prepared with consideration of the “Updated Guidelines for the
Preparation of an Environmental Impact Statement, Pursuant to the Canadian
Environmental Assessment Act, 2012 for the Roberts Bank Terminal 2 Project proposed
by Port Metro Vancouver” (RBT2 EIS) dated April 17, 2015. It has also based on topics
and formatting requested by Port Metro Vancouver representatives.",/objects/small/2017pacheedahttraditionaluseandoccupancystudyreport_sm.jpg,/objects/thumbs/2017pacheedahttraditionaluseandoccupancystudyreport_th.jpg,
ita_pacheedaht,jrhfn_014,/objects/ita_pacheedaht.pdf,Pacheedaht First Nation Incremental Treaty Agreement,,,2013-03-26,,application/pdf,Treaty Document,pdf,Pacheedaht,,/objects/small/ita_pacheedaht_sm.jpg,/objects/thumbs/ita_pacheedaht_th.jpg,
firstnationrefs,jrhfn_015,/objects/firstnationrefs.pdf,Bibliography - Review of the Ethnographic and Historical Resources: T'Sou-ke and Pacheedaht First Nations,Ministry of Attorney General Legal Services Branch ,,2008-10-20,,application/pdf,Bibliography,pdf,First Nations,,/objects/small/firstnationrefs_sm.jpg,/objects/thumbs/firstnationrefs_th.jpg,
ebarsky_mckechnie,jrhfn_016,/objects/ebarsky_mckechnie.pdf,"Indigenous Oral History and Settlement Archaeology in Barkley Sound, Western Vancouver Island",Iain McKechnie,BC Studies,2015,yes,application/pdf,Study,pdf,First Nations; Oral History,,/objects/small/ebarsky_mckechnie_sm.jpg,/objects/thumbs/ebarsky_mckechnie_th.jpg,
bcclamgardenrestorationrevivesmillenniaoldfirstnationfoodsource_sookenewsmirror,jrhfn_017,/objects/bcclamgardenrestorationrevivesmillenniaoldfirstnationfoodsource_sookenewsmirror.pdf,B.C. clam garden restoration revives millennia-old First Nation food source,Alistair Taylor,Sooke News Mirror,2024-09-21,,application/pdf,News Article,pdf,Clam Garden; First Nations; Food Systems,,/objects/small/bcclamgardenrestorationrevivesmillenniaoldfirstnationfoodsource_sookenewsmirror_sm.jpg,/objects/thumbs/bcclamgardenrestorationrevivesmillenniaoldfirstnationfoodsource_sookenewsmirror_th.jpg,
highlightsfromtheancientfishtrapstudy_projectwatershed,jrhfn_018,/objects/highlightsfromtheancientfishtrapstudy_projectwatershed.pdf,Highlights from the Ancient Fish Trap Study,,Project Watershed,,,application/pdf,Web Page,pdf,Fish Traps; First Nations; Food Systems,,/objects/small/highlightsfromtheancientfishtrapstudy_projectwatershed_sm.jpg,/objects/thumbs/highlightsfromtheancientfishtrapstudy_projectwatershed_th.jpg,
selkirk2021anunderwatermysteryoncanada'scoastinbbctravel,jrhfn_019,/objects/selkirk2021anunderwatermysteryoncanada'scoastinbbctravel.pdf,An underwater mystery on Canada's coast,Diane Selkirk,BBC,2021-10-14,,application/pdf,News Article,pdf,Clam Garden; First Nations; Food Systems,,/objects/small/selkirk2021anunderwatermysteryoncanada'scoastinbbctravel_sm.jpg,/objects/thumbs/selkirk2021anunderwatermysteryoncanada'scoastinbbctravel_th.jpg,
stepintotheriveracknowledgments,jrhfn_020,/objects/stepintotheriveracknowledgments.png,Step into the River: A Framework for Economic Reconciliation,Sxwpilemaát Siyám and Lily Raphael,,2022,yes,application/pdf,Advocacy Report,pdf,First Nations; Justice,,/objects/small/stepintotheriveracknowledgments_sm.jpg,/objects/thumbs/stepintotheriveracknowledgments_th.jpg,
,,,,,,,,,,,,,/objects/small/_sm.jpg,/objects/thumbs/_th.jpg,
jrdc1936littlerillsandwatersumberless,jrhs_001,/objects/jrdc1936littlerillsandwatersumberless.pdf,Little Rills and Waters Numberless,,The Daily Colonist,1939-05-31,,application/pdf,News Article,pdf,"Biology; Plants; Fossils, Settler",Sunro Mine Enterance,/objects/small/jrdc1936littlerillsandwatersumberless_sm.jpg,/objects/thumbs/jrdc1936littlerillsandwatersumberless_th.jpg,
jr1962provincejranenchantingplace,jrhs_002,/objects/jr1962provincejranenchantingplace.pdf,Jordan River Enchanting Place,Donald Stainsby,The Province,1967-19-02,,application/pdf,News Article,pdf,Mining; Settler,Advertisement for the town,/objects/small/jr1962provincejranenchantingplace_sm.jpg,/objects/thumbs/jr1962provincejranenchantingplace_th.jpg,
peers2014thefamilythatbuiltjordanriverinsookenewsmirror,jrhs_003,/objects/peers2014thefamilythatbuiltjordanriverinsookenewsmirror.pdf,Jordan River drew attention in 1923,Elida Peers ,Sooke News Mirror,2007-08-31,,application/pdf,News Article,pdf,Settlement; Hydroelectric,,/objects/small/peers2014thefamilythatbuiltjordanriverinsookenewsmirror_sm.jpg,/objects/thumbs/peers2014thefamilythatbuiltjordanriverinsookenewsmirror_th.jpg,
peers2015jordanriverdamworryrevisitedinsookenewsmirror,jrhs_004,/objects/peers2015jordanriverdamworryrevisitedinsookenewsmirror.pdf,The family that built Jordan River,Elida Peers,Sooke News Mirror,2014-03-12,,application/pdf,News Article,pdf,Settlement; Hydroelectric,,/objects/small/peers2015jordanriverdamworryrevisitedinsookenewsmirror_sm.jpg,/objects/thumbs/peers2015jordanriverdamworryrevisitedinsookenewsmirror_th.jpg,
peers2019jordanriverforestryacontrastindecadesinsookenewsmirror,jrhs_005,/objects/peers2019jordanriverforestryacontrastindecadesinsookenewsmirror.pdf,Jordan River forestry a contrast in decades,Elida Peers,Sooke News Mirror,2022-03-20,,application/pdf,News Article,pdf,Settlement; Forestry; Canadian Overseas Log and Lumber Ltd; Hydroelectric,,,,
peers2011jordanriverdrewattentionin1923insookenewsmirror,jrhs_006,/objects/peers2011jordanriverdrewattentionin1923insookenewsmirror.pdf,Jordan River drew attention in 1923,Elida Peers,Sooke News Mirror,2011-08-31,,application/pdf,News Article,pdf,Settlement; Hydroelectric;,,,,
times_colonist_1974_jrprison,jrhs_007,/objects/times_colonist_1974_jrprison.pdf,Jordan River Enthusiastic about Prison Camp,Max Low,Times Colonist,1974-12-21,,application/pdf,News Article,pdf,Settlement; Prison,,,,
welcometojrsign,jrhs_008,/objects/welcometojrsign.JPG,Welcome to Jordan River Sign,,,,,application/pdf,News Article,pdf,Settlement,,,,
officialcommunityplanforshirleyjordanriverbylawno,jrhs_009,/objects/officialcommunityplanforshirleyjordanriverbylawno.pdf,Shirley - Jordan River Official Community Plan,,Shirley/Jordan River Advisory Planning Commission,2016,,application/pdf,Plan,pdf,Settlement; Regional Planning; First Nations; Transportation; Water; Environment; Adaptation; Environmental Planning,,,,
blissspring,jrhs_011,/objects/blissspring.pdf,Bliss Spring,,,2019-02-14,,application/pdf,News Article,pdf,Water Spring; Settlement,,,,
campbell2015thenauticapediatugsandbargestoandfromjordanriverbc,jrhs_012,/objects/campbell2015thenauticapediatugsandbargestoandfromjordanriverbc.pdf,Tugs and Barges To and From Jordan River BC,Arnie Campbell,,2015,,application/pdf,News Article,pdf,Historic Transportation; Settlement,,,,
ilkayaltdevplan,jrhs_013,/objects/ilkayaltdevplan.pdf,Developer’s alternate vision for Jordan River designed with public in mind,Ender Ilkay,,2008-04-18,,application/pdf,News Article,pdf,Settlement; Development; ,,,,
,,,,,,,,,,,,,,,
golderassociates2007hydrgeologicalassessmentandwaterqualityofthewoodwastelandfillsite,jrhea_001,/objects/golderassociates2007hydrgeologicalassessmentandwaterqualityofthewoodwastelandfillsite.pdf,"Hydrogeologic Assessment and Water Quality Monitoring of the Wood Waste Landfill Site, Jordan River, British Columbia",Golder Associates,Golder Associates,2007-12-12,,application/pdf,Report,pdf,Environmental Assessment; Landfill; Woodwaste; Water; Hydrogeology; Toxicity; Contamination; Pollution,,,,
golderassociates2008phase1environmenalsiteassessmentilkaydevel,jrhea_002,/objects/golderassociates2008phase1environmenalsiteassessmentilkaydevel.pdf,"PHASE I ENVIRONMENTAL SITE ASSESSMENT JORDAN RIVER GROUP SOUTHERN VANCOUVER ISLAND WFP LANDS JORDAN RIVER, BC",Golder Associates,Golder Associates,2008-08-24,,application/pdf,Report,pdf,Environmental Assessment; Landfill; Woodwaste; Water; Hydrogeology; Toxicity; Contamination; Pollution,,,,
ilkaydevelopmentcorp2008developersaltermatevisionforjr,jrhea_003,/objects/ilkaydevelopmentcorp2008developersaltermatevisionforjr.pdf,Developer’s alternate vision for Jordan River designed with public in mind,Ender Ilkay,,2008-08-18,,application/pdf,,pdf,Development Plan,"Plan for property on Island’s south coast provides access to beaches and
thousands of acres of green space",,,
keystoneenvironmental2011bcpreapproval,jrhea_004,/objects/keystoneenvironmental2011bcpreapproval.pdf,Response to MOE E-mail RE: Request for Preapprovals under Protocol 6 for Jordan River sites,Stefan Quaglia,Keystone Environmental Ltd.,2011-10-28,,application/pdf,Email,pdf,Zinc; Ecology; Pollution Exposure; Food Chain; Toxicity Testing; ,,,,
keystoneenvironmental2012appendixkwoodwastelandfill,jrhea_005,/objects/keystoneenvironmental2012appendixkwoodwastelandfill.pdf,"TABLES, DATA, AND PERMITS RELATED TO APEC JRG2-01 WOOD WASTE LANDFILL",,Keystone Environmental Ltd.,,,application/pdf,Report,pdf,Environmental Assesment; Landfill; Woodwaste; Water; Toxicity; Contamination; Pollution,,,,
keystoneenvironmental2012reportoffindingswfp,jrhea_006,/objects/keystoneenvironmental2012reportoffindingswfp.pdf,Report of Findings – Preliminary Site Investigation,Michael Geraghty,Keystone Environmental Ltd.,2012-20-06,,application/pdf,Report,pdf,Environmental Assessment; Landfill; Woodwaste; Water; Toxicity; Contamination; Pollution,,,,
keystoneenvironmental2012summaryofsitecondition,jrhea_007,/objects/keystoneenvironmental2012summaryofsitecondition.pdf,Summary of Site Condition,,Keystone Environmental Ltd.,2012-11-23,,application/pdf,Report,pdf,Environmental Assessment; Landfill; Woodwaste; Water; Hydrogeology; Toxicity; Contamination; Pollution,,,,
keystoneenvironmental2014treatmentofwoodwastejordanriverpowerpoint,jrhea_008,/objects/keystoneenvironmental2014treatmentofwoodwastejordanriverpowerpoint.pdf,Treatment of Wood Waste Landfill Leachate Using Engineered Wetlands,"Richard Johns, Antonia Gunardi,",Keystone Environmental Ltd.,,,application/pdf,Report,pdf,Wood Waste Landfill; Remediation; Engineered Wetland,,,,
,,,,,,,,,,,,,/objects/small/_sm.jpg,/objects/thumbs/_th.jpg,
1978_sunishine_coastnews_1-4_bchydro_hearing_for_using_24D_chemical_to_spray_right_away,jrnphhp_001,/objects/1978_sunishine_coastnews_1-4_bchydro_hearing_for_using_24D_chemical_to_spray_right_away.pdf,Dow Chemical Here to Defend Spraying,Ian Corrance,The Sunshine Coast News,1978-05-16,,application/pdf,news article,pdf,Dow Chemicals; Herbicides; Hydroelectric; ,,/objects/small/1978_sunishine_coastnews_1-4_bchydro_hearing_for_using_24D_chemical_to_spray_right_away_sm.jpg,/objects/thumbs/1978_sunishine_coastnews_1-4_bchydro_hearing_for_using_24D_chemical_to_spray_right_away_th.jpg,
1980_sunchine_coast_23_3_hydro_employee_charged_for_misleading)_the_public_about_pesticide_control_act_sparying_bt_ jr_and_sooke,jrnphhp_002,/objects/(1980_sunchine_coast_23_3_hydro_employee_charged_for_misleading)_the_public_about_pesticide_control_act_sparying_bt_ jr_and_sooke.pdf,Wildlife Corner,Ian Corrance,The Sunshine Coast News,1980-11-11,,application/pdf,news article,pdf,Dow Chemicals; Herbicides; Hydroelectric,,/objects/small/1980_sunchine_coast_23_3_hydro_employee_charged_for_misleading)_the_public_about_pesticide_control_act_sparying_bt_ jr_and_sooke_sm.jpg,/objects/thumbs/1980_sunchine_coast_23_3_hydro_employee_charged_for_misleading)_the_public_about_pesticide_control_act_sparying_bt_ jr_and_sooke_th.jpg,
tc_1979_bc_ hydro_staff_queried_on_poison_control,jrnphhp_003,/objects/tc_1979_bc_ hydro_staff_queried_on_poison_control.pdf,Hydro staff queried on poison control,Times Colonist,Times Colonist,1979-06-28,,application/pdf,news article,pdf,BC Hydro; Tordon 10K;  Herbicides; Hydroelectric,,/objects/small/tc_1979_bc_ hydro_staff_queried_on_poison_control_sm.jpg,/objects/thumbs/tc_1979_bc_ hydro_staff_queried_on_poison_control_th.jpg,
tc_1980_hydro_24d_draws_sooke_protest,jrnphhp_004,/objects/tc_1980_hydro_24d_draws_sooke_protest.pdf,Hydro 24D draws Sooke protest,Brenda Dalglish,Times Colonist,1980-05-08,,application/pdf,news article,pdf,"BC Hydro; Herbicides;2,4-D; Pesticides; Hydroelectric; Protest; Sooke; First Nations",,/objects/small/tc_1980_hydro_24d_draws_sooke_protest_sm.jpg,/objects/thumbs/tc_1980_hydro_24d_draws_sooke_protest_th.jpg,
tc_1980_hydro_backs_off_on_24d_ plans,jrnphhp_005,/objects/tc_1980_hydro_backs_off_on_24d_ plans.pdf,"Hydro backs off on 2,4-D Plans",Brenda Dalglish,Times Colonist,1980-06-10,,application/pdf,news article,pdf,"BC Hydro; Herbicides;2,4-D; Pesticides; Hydroelectric; Protest; Sooke; First Nations",,/objects/small/tc_1980_hydro_backs_off_on_24d_ plans_sm.jpg,/objects/thumbs/tc_1980_hydro_backs_off_on_24d_ plans_th.jpg,
tc_1980_hydro_herbicide_probe_ordered_by_ag,jrnphhp_006,/objects/tc_1980_hydro_herbicide_probe_ordered_by_ag.pdf,Herbicide porbe ordered by A-G,Times Colonist,Times Colonist,1980-08-03,,application/pdf,news article,pdf,"BC Hydro; Herbicides; 2,4-D; Hydroelectric",,/objects/small/tc_1980_hydro_herbicide_probe_ordered_by_ag_sm.jpg,/objects/thumbs/tc_1980_hydro_herbicide_probe_ordered_by_ag_th.jpg,
vs_1980_hydro_workers_charged.pdf,jrnphhp_007,/objects/vs_1980_hydro_workers_charged.pdf,"Hydro, Workers Charger ",Vancouver Sun,Vancouver Sun,1980-10-17,,application/pdf,news article,pdf,,,/objects/small/vs_1980_hydro_workers_charged.pdf_sm.jpg,/objects/thumbs/vs_1980_hydro_workers_charged.pdf_th.jpg,
,,,,,,,,,,,,,/objects/small/_sm.jpg,/objects/thumbs/_th.jpg,
1913_nwdn_power_plant_done_in_two_weeks_highest_of_any_in_canada,jrnph1900-1910_001,/objects/1913_nwdn_power_plant_done_in_two_weeks_highest_of_any_in_canada.pdf,Good Progress on Dam,The New Westminster News,The New Westminster News,1910-07-31,,application/pdf,news article,pdf,Hydroelectric; Vancouver Island Power,,/objects/small/1913_nwdn_power_plant_done_in_two_weeks_highest_of_any_in_canada_sm.jpg,/objects/thumbs/1913_nwdn_power_plant_done_in_two_weeks_highest_of_any_in_canada_th.jpg,
1913_week_1_2 _summary_of_jr_infra_in_relation_to_other_power_producers_on_the_island,jrnph1900-1910_002,/objects/1913_week_1_2 _summary_of_jr_infra_in_relation_to_other_power_producers_on_the_island.pdf,Cost of the Dam,The Week,The Week,1913-06-21,,application/pdf,news article,pdf,Hydroelectric,,/objects/small/1913_week_1_2 _summary_of_jr_infra_in_relation_to_other_power_producers_on_the_island_sm.jpg,/objects/thumbs/1913_week_1_2 _summary_of_jr_infra_in_relation_to_other_power_producers_on_the_island_th.jpg,
1913nwdn_2_3_jr_largest_dam_in_canada_built_and_inspected,jrnph1900-1910_003,/objects/1913nwdn_2_3_jr_largest_dam_in_canada_built_and_inspected.pdf,Largest Dam in Canada Built and Inspected,The New Westminster News,The New Westminster News,1913-06-22,,application/pdf,news article,pdf,Hydroelectric,,/objects/small/1913nwdn_2_3_jr_largest_dam_in_canada_built_and_inspected_sm.jpg,/objects/thumbs/1913nwdn_2_3_jr_largest_dam_in_canada_built_and_inspected_th.jpg,
1913nwdn_2_3_start_filling_up_resevoir_for_biggest_dam_in_canada,jrnph1900-1910_004,/objects/1913nwdn_2_3_start_filling_up_resevoir_for_biggest_dam_in_canada.pdf,Jordan Wafer Now Being Stored - Preparing for Dry Months,The New Westminster News,The New Westminster News,1913-05-29,,application/pdf,news article,pdf,Hydroelectric,,/objects/small/1913nwdn_2_3_start_filling_up_resevoir_for_biggest_dam_in_canada_sm.jpg,/objects/thumbs/1913nwdn_2_3_start_filling_up_resevoir_for_biggest_dam_in_canada_th.jpg,
1914nwdn_4_3_summary_of_bcel_orginal_plan_and_extensions,jrnph1900-1910_005,/objects/1914nwdn_4_3_summary_of_bcel_orginal_plan_and_extensions.pdf,Develop Plant to its Full Capacity,The New Westminster News,The New Westminster News,1914-03-13,,application/pdf,news article,pdf,Hydroelectric,The article mentions an increase to 25K horsepower from 12K horsepower though expanding reservoir capacity,/objects/small/1914nwdn_4_3_summary_of_bcel_orginal_plan_and_extensions_sm.jpg,/objects/thumbs/1914nwdn_4_3_summary_of_bcel_orginal_plan_and_extensions_th.jpg,
1915_xwestcall_4_4_details_about_the_water_powers_of_jordan_river,jrnph1900-1910_006,/objects/1915_xwestcall_4_4_details_about_the_water_powers_of_jordan_river.pdf,The Water Powers of British Columbia ,The Western Call,The Western Call,1915-11-12,,application/pdf,news article,pdf,Hydroelectric,,/objects/small/1915_xwestcall_4_4_details_about_the_water_powers_of_jordan_river_sm.jpg,/objects/thumbs/1915_xwestcall_4_4_details_about_the_water_powers_of_jordan_river_th.jpg,
1917_week_1_3_bc_electric_to_sell_its_holdings_to_bc_and_municip_govts.pdf,jrnph1900-1910_007,/objects/1917_week_1_3_bc_electric_to_sell_its_holdings_to_bc_and_municip_govts.pdf,The B.C. Electric Company,The Week,The Week,1917-07--7,,application/pdf,news article,pdf,Hydroelectric; B.C. Electric Company,,/objects/small/1917_week_1_3_bc_electric_to_sell_its_holdings_to_bc_and_municip_govts.pdf_sm.jpg,/objects/thumbs/1917_week_1_3_bc_electric_to_sell_its_holdings_to_bc_and_municip_govts.pdf_th.jpg,
tc_1911_the_power_plant_at_jr,jrnph1900-1910_008,/objects/tc_1911_the_power_plant_at_jr.pdf,The Power Plant at the Jordan River,Times Colonist,Times Colonist,1911-12-20,,application/pdf,news article,pdf,Hydroelectric,,/objects/small/tc_1911_the_power_plant_at_jr_sm.jpg,/objects/thumbs/tc_1911_the_power_plant_at_jr_th.jpg,
the_victoria_daily_times_1909_08_19_1,jrnph1900-1910_009,/objects/the_victoria_daily_times_1909_08_19_1.pdf,To Open City's Lovely Suburbs,Victoria Daily Times,Victoria Daily Times,1909-08-19,,application/pdf,news article,pdf,Hydroelectric,,/objects/small/the_victoria_daily_times_1909_08_19_1_sm.jpg,/objects/thumbs/the_victoria_daily_times_1909_08_19_1_th.jpg,
tp_1909_jr_power_planton_vancouver_island,jrnph1900-1910_010,/objects/tp_1909_jr_power_planton_vancouver_island.pdf,Power Plant on Island,The Province,The Province,1909-10-02,,application/pdf,news article,pdf,Hydroelectric,Plans for Utilization of Jordan River Power Presented for Approval,/objects/small/tp_1909_jr_power_planton_vancouver_island_sm.jpg,/objects/thumbs/tp_1909_jr_power_planton_vancouver_island_th.jpg,
vdt_1909_scope_of_hydro_project_at_jr,jrnph1900-1910_012,/objects/vdt_1909_scope_of_hydro_project_at_jr.pdf,Scope of Project at Jordan River,Victoria Daily Times,Victoria Daily Times,1909-11-05,,application/pdf,news article,pdf,Hydroelectric,,/objects/small/vdt_1909_scope_of_hydro_project_at_jr_sm.jpg,/objects/thumbs/vdt_1909_scope_of_hydro_project_at_jr_th.jpg,
vdt_1910_hydro_payroll_is_a_large_one,jrnph1900-1910_013,/objects/vdt_1910_hydro_payroll_is_a_large_one.pdf,Payroll os a Large One,Victoria Daily Times,Victoria Daily Times,1910-09-17,,application/pdf,news article,pdf,Hydroelectric Labor,,/objects/small/vdt_1910_hydro_payroll_is_a_large_one_sm.jpg,/objects/thumbs/vdt_1910_hydro_payroll_is_a_large_one_th.jpg,
vdt_1915_realize_extent_of_jordan_river_plant,jrnph1900-1910_015,/objects/vdt_1915_realize_extent_of_jordan_river_plant.pdf,Realize Extent of Jordan River Plant,Victoria Daily Times,Victoria Daily Times,1915-07-14,,application/pdf,news article,pdf,Hydroelectric,"Dam took 14 months to Build. 300 ft long, 450 tons ",/objects/small/vdt_1915_realize_extent_of_jordan_river_plant_sm.jpg,/objects/thumbs/vdt_1915_realize_extent_of_jordan_river_plant_th.jpg,
vdt_1919_water_powers_are_asset_which_has_only_begun_development,jrnph1900-1910_016,/objects/vdt_1919_water_powers_are_asset_which_has_only_begun_development.pdf,Water Power are Asser Which Has Yet only Begun Development,Victoria Daily Times,Victoria Daily Times,1919-10-07,,application/pdf,news article,pdf,Hydroelectric,,/objects/small/vdt_1919_water_powers_are_asset_which_has_only_begun_development_sm.jpg,/objects/thumbs/vdt_1919_water_powers_are_asset_which_has_only_begun_development_th.jpg,
1912_week_3_2jrdam_complete,jrnph1900-1910_017,/objects/1912_week_3_2jrdam_complete.pdf,Island Power Company Completes Huge Dam,The Daily News,The Daily News,1912-04-23,,application/pdf,news article,pdf,Hydroelectric,,/objects/small/1912_week_3_2jrdam_complete_sm.jpg,/objects/thumbs/1912_week_3_2jrdam_complete_th.jpg,
1912_week_6_1_summary_of_bcel_talks_about_increased_comsumption_in_vic_and_the_doublinfg_production,jrnph1900-1910_018,/objects/1912_week_6_1_summary_of_bcel_talks_about_increased_comsumption_in_vic_and_the_doublinfg_production.pdf,BCEL Talks about Increased Consumption,The Daily News,The Daily News,1908-09-22,,application/pdf,news article,pdf,Hydroelectric,,/objects/small/1912_week_6_1_summary_of_bcel_talks_about_increased_comsumption_in_vic_and_the_doublinfg_production_sm.jpg,/objects/thumbs/1912_week_6_1_summary_of_bcel_talks_about_increased_comsumption_in_vic_and_the_doublinfg_production_th.jpg,
1912week_6_1_summary_of_project_and_doubling_of_demand_in_victoria,jrnph1900-1910_019,/objects/1912week_6_1_summary_of_project_and_doubling_of_demand_in_victoria.pdf,Millions to Save Millions ,The Week,The Week,1912-11-16,,application/pdf,news article,pdf,Hydroelectric,,/objects/small/1912week_6_1_summary_of_project_and_doubling_of_demand_in_victoria_sm.jpg,/objects/thumbs/1912week_6_1_summary_of_project_and_doubling_of_demand_in_victoria_th.jpg,
1913_1_3_contract_for_steel_pipe_to_add_35k_hp_to_jr_plant,jrnph1900-1910_020,/objects/1913_1_3_contract_for_steel_pipe_to_add_35k_hp_to_jr_plant.pdf,Gets Contract for Welded Steel Pipes,Daily Building Record,Daily Building Record,1913-08-13,,application/pdf,news article,pdf,Hydroelectric,,/objects/small/1913_1_3_contract_for_steel_pipe_to_add_35k_hp_to_jr_plant_sm.jpg,/objects/thumbs/1913_1_3_contract_for_steel_pipe_to_add_35k_hp_to_jr_plant_th.jpg,
1913_nwdn_3_3_annual_meeting_of_bcelectric,jrnph1900-1910_0205,/object/1913_nwdn_3_3_annual_meeting_of_bcelectric.pdf,Annual Meeting of B.C. Electric,The New Westminster News,The New Westminster News,1914-01-08,,application/pdf,news article,pdf,Hydroelectric,Shareholders Opposed Increase of Capital—Decreased Profit Average Return 4.5' Per Cent.,/objects/small/1913_nwdn_3_3_annual_meeting_of_bcelectric_sm.jpg,/objects/thumbs/1913_nwdn_3_3_annual_meeting_of_bcelectric_th.jpg,
1912_nwdn_dam_complete_ready_to_produce_power,jrnph1900-1910_021,/objects/1912_nwdn_dam_complete_ready_to_produce_power.pdf,Jordan River Power Dam Ready for Work,The New Westminster News,The New Westminster News,1913-08-26,,application/pdf,news article,pdf,Hydroelectric,,/objects/small/1912_nwdn_dam_complete_ready_to_produce_power_sm.jpg,/objects/thumbs/1912_nwdn_dam_complete_ready_to_produce_power_th.jpg,
1908_new_west_announcement_of_new_power_plant_at_jr_6_1_3,jrnph1900-1910_022,/objects/1908_new_west_announcement_of_new_power_plant_at_jr_6_1_3.pdf,Water Power Sought by B.C.E.R. Company,The Daily News,The Daily News,1908-09-22,,application/pdf,news article,pdf,Hydroelectric; B.C.E.R,,/objects/small/1908_new_west_announcement_of_new_power_plant_at_jr_6_1_3_sm.jpg,/objects/thumbs/1908_new_west_announcement_of_new_power_plant_at_jr_6_1_3_th.jpg,
1908_weeklyp1col3_4_bcer_power,jrnph1900-1910_024,/objects/1908_weeklyp1col3_4_bcer_power.pdf,The City and the B.C.E.R.,The Week,The Week,1909-02-13,,application/pdf,news article,pdf,Hydroelectric; B.C.E.R,,/objects/small/1908_weeklyp1col3_4_bcer_power_sm.jpg,/objects/thumbs/1908_weeklyp1col3_4_bcer_power_th.jpg,
1909_weekly_1_4_bcer_water_power_proposal,jrnph1900-1910_025,/objects/1909_weekly_1_4_bcer_water_power_proposal.pdf,Still Blocking the Way,The Week,The Week,1909-05-15,,application/pdf,news article,pdf,Hydroelectric; B.C.E.R,,/objects/small/1909_weekly_1_4_bcer_water_power_proposal_sm.jpg,/objects/thumbs/1909_weekly_1_4_bcer_water_power_proposal_th.jpg,
1909_weekly_bcer_1_3,jrnph1900-1910_026,/objects/1909_weekly_bcer_1_3.pdf,The Water By-Law,The Week,The Week,1909-08-21,,application/pdf,news article,pdf,Hydroelectric; B.C.E.R,,/objects/small/1909_weekly_bcer_1_3_sm.jpg,/objects/thumbs/1909_weekly_bcer_1_3_th.jpg,
1909_weekly_bcer_approved_by_the_city_pp_1and6,jrnph1900-1910_027,/objects/1909_weekly_bcer_approved_by_the_city_pp_1and6.pdf,B.C.E.R and Jordan River,The Week,The Week,1909-06-19,,application/pdf,news article,pdf,Hydroelectric; B.C.E.R,,/objects/small/1909_weekly_bcer_approved_by_the_city_pp_1and6_sm.jpg,/objects/thumbs/1909_weekly_bcer_approved_by_the_city_pp_1and6_th.jpg,
1909_weekly_bcer_p6_3,jrnph1900-1910_028,/objects/1909_weekly_bcer_p6_3.pdf,The Jordan River Scheme,The Week,The Week,1909-06-26,,application/pdf,news article,pdf,Hydroelectric; B.C.E.R,,/objects/small/1909_weekly_bcer_p6_3_sm.jpg,/objects/thumbs/1909_weekly_bcer_p6_3_th.jpg,
1909nelsondaily_bcer_approved5_2,jrnph1900-1910_029,/objects/1909nelsondaily_bcer_approved5_2.pdf,Victoria Bylaw Passes,The Daily News,The Daily News,1909-08-26,,application/pdf,news article,pdf,Hydroelectric; B.C.E.R,,/objects/small/1909nelsondaily_bcer_approved5_2_sm.jpg,/objects/thumbs/1909nelsondaily_bcer_approved5_2_th.jpg,
1909weekly_1_2,jrnph1900-1910_030,/objects/1909weekly_1_2.pdf,Jordan River,The Week,The Week,1909-10-30,,application/pdf,news article,pdf,Hydroelectric; B.C.E.R,,/objects/small/1909weekly_1_2_sm.jpg,/objects/thumbs/1909weekly_1_2_th.jpg,
1910_bcer_details_1_3_4,jrnph1900-1910_031,/objects/1910_bcer_details_1_3_4.pdf,The B.C. Electric Company,The Week,The Week,1910-01-08,,application/pdf,news article,pdf,Hydroelectric; B.C.E.R,,/objects/small/1910_bcer_details_1_3_4_sm.jpg,/objects/thumbs/1910_bcer_details_1_3_4_th.jpg,
1910_daily_pipe_contract_secured_8_3,jrnph1900-1910_032,/objects/1910_daily_pipe_contract_secured_8_3.pdf,The Vulcan Iron Works of the city has secured the contract for the assembling of steel pipe ,The Daily News,The Daily News,1910-07-07,,application/pdf,news article,pdf,Hydroelectric; B.C.E.R,,/objects/small/1910_daily_pipe_contract_secured_8_3_sm.jpg,/objects/thumbs/1910_daily_pipe_contract_secured_8_3_th.jpg,
1910_the_week_engineer_that_completes_the_dam_21_2_and_19_5_1_0344213,jrnph1900-1910_033,/objects/1910_the_week_engineer_that_completes_the_dam_21_2_and_19_5_1_0344213.pdf,Engineers and Contractors,The Week,The Week,1910-12-17,,application/pdf,news article,pdf,Hydroelectric; B.C.E.R,,/objects/small/1910_the_week_engineer_that_completes_the_dam_21_2_and_19_5_1_0344213_sm.jpg,/objects/thumbs/1910_the_week_engineer_that_completes_the_dam_21_2_and_19_5_1_0344213_th.jpg,
1911_vanbuildrec_bcer-jr_complete_contract_to_build_power,jrnph1900-1910_034,/objects/1911_vanbuildrec_bcer-jr_complete_contract_to_build_power.pdf,B.C.E.R. Buys Site for Power Plant,Vancouver Building Record,Vancouver Building Record,1911-09-14,,application/pdf,news article,pdf,Hydroelectric; B.C.E.R,,/objects/small/1911_vanbuildrec_bcer-jr_complete_contract_to_build_power_sm.jpg,/objects/thumbs/1911_vanbuildrec_bcer-jr_complete_contract_to_build_power_th.jpg,
1911_week_5_5_amendment_to_the_1909_water_act_by_bcer_for_jr_power,jrnph1900-1910_035,/objects/1911_week_5_5_amendment_to_the_1909_water_act_by_bcer_for_jr_power.pdf,"Water Act, 1909, and Amending Acts",The Week,The Week,1911-06-24,,application/pdf,news article,pdf,Hydroelectric; Law Amendment,,/objects/small/1911_week_5_5_amendment_to_the_1909_water_act_by_bcer_for_jr_power_sm.jpg,/objects/thumbs/1911_week_5_5_amendment_to_the_1909_water_act_by_bcer_for_jr_power_th.jpg,
1912_bc_federationist_1_5_6_rhumours_of_bcel_background_of_operations,jrnph1900-1910_036,/objects/1912_bc_federationist_1_5_6_rhumours_of_bcel_background_of_operations.pdf,B.C. Electric CO. Denies that it will Shut Down Works,The British Colombia Federationist,The British Colombia Federationist,1912-08-24,,application/pdf,news article,pdf,Hydroelectric; B.C. Electric Company,,/objects/small/1912_bc_federationist_1_5_6_rhumours_of_bcel_background_of_operations_sm.jpg,/objects/thumbs/1912_bc_federationist_1_5_6_rhumours_of_bcel_background_of_operations_th.jpg,
1912_building_record_1_2_contract_for_dam_across_jordan _river,jrnph1900-1910_037,/objects/1912_building_record_1_2_contract_for_dam_across_jordan _river.pdf,Contract for Huge Dam Across the Jordan River,Daily Building Record,Daily Building Record,1912-08-22,,application/pdf,news article,pdf,Hydroelectric; B.C. Electric Company,,/objects/small/1912_building_record_1_2_contract_for_dam_across_jordan _river_sm.jpg,/objects/thumbs/1912_building_record_1_2_contract_for_dam_across_jordan _river_th.jpg,
1912_nwdn_3_3_contract_for_earth_damn_in_jr_info_about_size_etc_of_dam,jrnph1900-1910_038,/objects/1912_nwdn_3_3_contract_for_earth_damn_in_jr_info_about_size_etc_of_dam.pdf,B.C.E.R. Building Big Dam at Jordan River,Westminster Daily News,Westminster Daily News,1912-08-25,,application/pdf,news article,pdf,Hydroelectric; B.C.E.R,,/objects/small/1912_nwdn_3_3_contract_for_earth_damn_in_jr_info_about_size_etc_of_dam_sm.jpg,/objects/thumbs/1912_nwdn_3_3_contract_for_earth_damn_in_jr_info_about_size_etc_of_dam_th.jpg,
,,,,,,,,,,,,,,,
1920_bc_fed_3_1_info_on_new_bunks_built_in_jr,jrnph1920-40_001,/objects/1920_bc_fed_3_1_info_on_new_bunks_built_in_jr.pdf,News of the Lumber Workers Industrial Unit of the O.B.U.,The British Colombia Federationist,The British Colombia Federationist,1920-01-28,,application/pdf,news article,pdf,Logging,,/objects/small/1920_bc_fed_3_1_info_on_new_bunks_built_in_jr_sm.jpg,/objects/thumbs/1920_bc_fed_3_1_info_on_new_bunks_built_in_jr_th.jpg,
1920_bcfed_3_1_major_complaints_about_jr_camp_and_description_of_shitty_work,jrnph1920-40_002,/objects/1920_bcfed_3_1_major_complaints_about_jr_camp_and_description_of_shitty_work.pdf,Jordan River Cathels Sorenson Camp,The British Colombia Federationist,The British Colombia Federationist,1920-03-26,,application/pdf,news article,pdf,Settlement,,,,
1920_bcfed_3_1_point_no_point_camp_describes_only_reachable_by_coach_and_poor_conditions_at_the_camp_boss_anti_union,jrnph1920-40_003,/objects/1920_bcfed_3_1_point_no_point_camp_describes_only_reachable_by_coach_and_poor_conditions_at_the_camp_boss_anti_union.pdf,Milligan Bro's Camp,The British Colombia Federationist,The British Colombia Federationist,1920-04-09,,application/pdf,news article,pdf,Settlement,,,,
1920_bcfed_3_3_camp_defending_it_operation_and_the_work_done,jrnph1920-40_004,/objects/1920_bcfed_3_3_camp_defending_it_operation_and_the_work_done.pdf,Lumber and Camp Workers Industrial Unit of the O.B.U.,The British Colombia Federationist,The British Colombia Federationist,1920-04-16,,application/pdf,news article,pdf,Hydroelectric,,,,
1920_bcfed_3_3_mroe_drama_abotu_jr_camp_tied_into_lwiu_union_disputes_of_1919_22,jrnph1920-40_005,/objects/1920_bcfed_3_3_mroe_drama_abotu_jr_camp_tied_into_lwiu_union_disputes_of_1919_22.pdf,Bessborough Day,The British Colombia Federationist,The British Colombia Federationist,1920-04-30,,application/pdf,news article,pdf,Hydroelectric,,,,
1928_nelsondaily_10_4_bcel_to_add_2000_hp_to_jr,jrnph1920-40_006,/objects/1928_nelsondaily_10_4_bcel_to_add_2000_hp_to_jr.pdf,Add Enormously to Present Power,The Daily News,The Daily News,1928-11-14,,application/pdf,news article,pdf,Hydroelectric,,,,
1929_cumberland_1_3_feature_about_bcel_infrastructure_for_van_borad_of_trade_lots_of_info,jrnph1920-40_007,/objects/1929_cumberland_1_3_feature_about_bcel_infrastructure_for_van_borad_of_trade_lots_of_info.pdf,Jordon River Plant Of B.C. Electric Railway Visited By B. of T. Members,Cumberland Islander,Cumberland Islander,1929-07-19,,application/pdf,news article,pdf,Hydroelectric,,,,
1929_cumberlandis_1_3_exmaining_jr_for_potential_development,jrnph1920-40_008,/objects/1929_cumberlandis_1_3_exmaining_jr_for_potential_development.pdf,Largest Water Power On Vancouver Island Will Be Examined for Development Of Power for Industries,Cumberland Islander,Cumberland Islander,1929-07-19,,application/pdf,news article,pdf,Hydroelectric,,,,
the_victoria_daily_times_1930_12_06_16,jrnph1920-40_010,/objects/the_victoria_daily_times_1930_12_06_16.pdf,Jordan River Now Developed to Limit,Victoria Daily TImes,Victoria Daily TImes,1930-12-06,,application/pdf,news article,pdf,Hydroelectric; Railway,,,,
,,,,,,,,,,,,,,,
ame_2015exploration_in_british_columbia_2015_in_review_ame,jr-np-m-general_001,/objects/ame_2015exploration_in_british_columbia_2015_in_review_ame.pdf,Exploration in British Columbia,Association for Mineral Exploration (AME),Association for Mineral Exploration (AME),2015-12-01,,application/pdf,blopost/website,pdf,Mining,,/objects/small/ame_2015exploration_in_british_columbia_2015_in_review_ame_sm.jpg,/objects/thumbs/ame_2015exploration_in_british_columbia_2015_in_review_ame_th.jpg,
barazzuol_and _stewart_2003_historic_mine_sites_in_bc_bcgs_of2003_03,jr-np-m-general_002,/objects/barazzuol_and _stewart_2003_historic_mine_sites_in_bc_bcgs_of2003_03.pdf,Historic Mine Sites in British,Lisa N. Barazzuol and Gregg G. Stewart,Ministry of Energy and Mines Mining Division,2003,,application/pdf,pdf,pdf,Mining; Mining Sites,,/objects/small/barazzuol_and _stewart_2003_historic_mine_sites_in_bc_bcgs_of2003_03_sm.jpg,/objects/thumbs/barazzuol_and _stewart_2003_historic_mine_sites_in_bc_bcgs_of2003_03_th.jpg,
bc_contaminated_mine_site_map_jan_13_2021_low_resolution,jr-np-m-general_003,/objects/bc_contaminated_mine_site_map_jan_13_2021_low_resolution.pdf,BC Contaminated Mine Sites,,International Network for Acid Prevention,2021,,application/pdf,pdf,pdf,Mining; Mining Sites; Map; Contamination; Pollution,,/objects/small/bc_contaminated_mine_site_map_jan_13_2021_low_resolution_sm.jpg,/objects/thumbs/bc_contaminated_mine_site_map_jan_13_2021_low_resolution_th.jpg,
bcmlt_2023_dirty_dozen_report_2023_web,jr-np-m-general_004,/objects/bcmlt_2023_dirty_dozen_report_2023_web.pdf,B.C.’s top polluting and risky mines,,University of Victoria Environmental Law Centre,2023,,application/pdf,report,pdf,Mining; Pollution; Mining Sites,,/objects/small/bcmlt_2023_dirty_dozen_report_2023_web_sm.jpg,/objects/thumbs/bcmlt_2023_dirty_dozen_report_2023_web_th.jpg,
bcmlr_closure_reclamation_abandoned_mines,jr-np-m-general_005,/objects/bcmlr_closure_reclamation_abandoned_mines.pdf,"Closure, Reclamation & Abandoned Mines",,University of Victoria Environmental Law Centre,,,application/pdf,report,pdf,Mining; Reclamation; Abandoned Mines,,/objects/small/bcmlr_closure_reclamation_abandoned_mines_sm.jpg,/objects/thumbs/bcmlr_closure_reclamation_abandoned_mines_th.jpg,
factual_record_bc_mining_submission_98_4_ffr_en,jr-np-m-general_006,/objects/factual_record_bc_mining_submission_98_4_ffr_en.pdf,Factual Record BC Mining Submission,,,,,application/pdf,pdf,pdf,Mining,,/objects/small/factual_record_bc_mining_submission_98_4_ffr_en_sm.jpg,/objects/thumbs/factual_record_bc_mining_submission_98_4_ffr_en_th.jpg,
northern_miner_2012_a_century_of_discovery_ame_bc ,jr-np-m-general_007,/objects/northern_miner_2012_a_century_of_discovery_ame_bc .pdf,A Century of Discovery,Doug Donnelly,ASSOCIATION FOR MINERAL EXPLORATION BRITISH COLUMBIA,2012,,application/pdf,Magazine,pdf,Mining; Mining Industry Publication,,/objects/small/northern_miner_2012_a_century_of_discovery_ame_bc _sm.jpg,/objects/thumbs/northern_miner_2012_a_century_of_discovery_ame_bc _th.jpg,
ross_lindeman_and_kirste_2019_characterization_of_as_and_se_in_pyrites_form_two_historic_mines_sunro_sullivan,jr-np-m-general_008,/objects/ross_lindeman_and_kirste_2019_characterization_of_as_and_se_in_pyrites_form_two_historic_mines_sunro_sullivan.pdf,Characterization study of As and Se in pyrites from two historic mines in British Columbia,Jocelyn Ross-Lindeman; Dirk Kirste,EDP Sciences,2019,,application/pdf,Study,pdf,Mining; Mineralogy,,/objects/small/ross_lindeman_and_kirste_2019_characterization_of_as_and_se_in_pyrites_form_two_historic_mines_sunro_sullivan_sm.jpg,/objects/thumbs/ross_lindeman_and_kirste_2019_characterization_of_as_and_se_in_pyrites_form_two_historic_mines_sunro_sullivan_th.jpg,
shearman_2002_mining_watch_canada_submarine_tailings_disposal,jr-np-m-general_009,/objects/shearman_2002_mining_watch_canada_submarine_tailings_disposal.pdf,Mining’s Problem with Waste,Catherine Coumans,MiningWatch Canada,2002,,application/pdf,pdf,pdf,Mining; Pollution; Contamination,,/objects/small/shearman_2002_mining_watch_canada_submarine_tailings_disposal_sm.jpg,/objects/thumbs/shearman_2002_mining_watch_canada_submarine_tailings_disposal_th.jpg,
soehl_1993_impact_assessment_of_metal_mines_in_bc_a_manuscript_report_prepared_for_cearc_en107_3_136_1993_eng,jr-np-m-general_010,/objects/soehl_1993_impact_assessment_of_metal_mines_in_bc_a_manuscript_report_prepared_for_cearc_en107_3_136_1993_eng.pdf,IMPACT ASSESSMENT OF METAL MINES IN BRITISH COLUMBIA: AN EVALUATION,Thomas Soehl,"The Canadian Environmental Assessment
Research Council",1993-07,,application/pdf,pdf,pdf,Mining,,/objects/small/soehl_1993_impact_assessment_of_metal_mines_in_bc_a_manuscript_report_prepared_for_cearc_en107_3_136_1993_eng_sm.jpg,/objects/thumbs/soehl_1993_impact_assessment_of_metal_mines_in_bc_a_manuscript_report_prepared_for_cearc_en107_3_136_1993_eng_th.jpg,
,,,,,,,,,,,,,,,
hume_2016_the_rebirth_of_bc's_jordan_river_is_a_victory_of_biological_activism_globe_and_mail,jr-np-m-recent_001,/objects/hume_2016_the_rebirth_of_bc's_jordan_river_is_a_victory_of_biological_activism_globe_and_mail.pdf,The rebirth of B.C.’s Jordan River is a victory for biological activism,Mark Hume,The Globe and Mail,2016-10-17,,application/pdf,Article,pdf,Salmon; Mining; Restoration; Logging; Hydroelectric; Activism; Ecology,,/objects/small/hume_2016_the_rebirth_of_bc's_jordan_river_is_a_victory_of_biological_activism_globe_and_mail_sm.jpg,/objects/thumbs/hume_2016_the_rebirth_of_bc's_jordan_river_is_a_victory_of_biological_activism_globe_and_mail_th.jpg,
smart_2016_jordan_river_surfing_area_to_be_tested_for_pollutiontimes_colonist,jr-np-m-recent_002,/objects/smart_2016_jordan_river_surfing_area_to_be_tested_for_pollutiontimes_colonist.pdf,Jordan River surfing area to be tested for pollution,Amy Smart,Times Colonist,2016-10-19,,application/pdf,Article,pdf,Surfing; Pollution; Contamination; Mining,,/objects/small/smart_2016_jordan_river_surfing_area_to_be_tested_for_pollutiontimes_colonist_sm.jpg,/objects/thumbs/smart_2016_jordan_river_surfing_area_to_be_tested_for_pollutiontimes_colonist_th.jpg,
steve_hume_2013_provincial_failures_on_mining_pollution_leaving_taxpayers_on_the_hook_vancouver_sun,jr-np-m-recent_003,/objects/steve_hume_2013_provincial_failures_on_mining_pollution_leaving_taxpayers_on_the_hook_vancouver_sun.pdf,Provincial failures on mining pollution leaving taxpayers on the hook,Stephen Hume,Vancouver Sun,2016-10-16,,application/pdf,Article,pdf,Mining; Salmon; Pollution; Contamination,,/objects/small/steve_hume_2013_provincial_failures_on_mining_pollution_leaving_taxpayers_on_the_hook_vancouver_sun_sm.jpg,/objects/thumbs/steve_hume_2013_provincial_failures_on_mining_pollution_leaving_taxpayers_on_the_hook_vancouver_sun_th.jpg,
"sunro_october_8_2016, Vancouer Sun,  B.C. mines ministry investigating pollution from old Vancouver Island mine",jr-np-m-recent_004,/objects/sunro_october_8_2016_times_colonist_ministry_doesn’t_know_why_contaminated_site_was_deemed_clean.pdf,B.C. mines ministry investigating pollution from old Vancouver Island mine,Amy Smart,Vancouver Sun,2016-10-08,,application/pdf,Article,pdf,Mining; Pollution; Contamination; Teck,,"/objects/small/sunro_october_8_2016, Vancouer Sun,  B.C. mines ministry investigating pollution from old Vancouver Island mine_sm.jpg","/objects/thumbs/sunro_october_8_2016, Vancouer Sun,  B.C. mines ministry investigating pollution from old Vancouver Island mine_th.jpg",
sunro_october_8_2016_times_colonist_ministry_doesn’t_know_why_contaminated_site_was_deemed_clean,jr-np-m-recent_005,"/objects/sunro_october_8_2016, Vancouer Sun,  B.C. mines ministry investigating pollution from old Vancouver Island mine.pdf",Ministry doesn't know why contaminated site was deemed clean,Amy Smart,Times Colonist,2016-10-08,,application/pdf,Article,pdf,Mining; Pollution; Contamination; Ministry of Energy; Map,,/objects/small/sunro_october_8_2016_times_colonist_ministry_doesn’t_know_why_contaminated_site_was_deemed_clean_sm.jpg,/objects/thumbs/sunro_october_8_2016_times_colonist_ministry_doesn’t_know_why_contaminated_site_was_deemed_clean_th.jpg,
sunro_october_11_2016_times_colonist_editorial_province_should_clean_up_mine_sites,jr-np-m-recent_006,/objects/sunro_october_11_2016_times_colonist_editorial_province_should_clean_up_mine_sites.pdf,Editorial: Province should clean up mine sites,Victoria Times-Colonist Staff,Times Colonist ,2016-10-11,,application/pdf,pdf,pdf,Mining; Metal Leaching ,,/objects/small/sunro_october_11_2016_times_colonist_editorial_province_should_clean_up_mine_sites_sm.jpg,/objects/thumbs/sunro_october_11_2016_times_colonist_editorial_province_should_clean_up_mine_sites_th.jpg,
sunro_october_17_2016_vancouver_sun_bc's_failure_on_mining_pollution,jr-np-m-recent_007,/objects/sunro_october_17_2016_vancouver_sun_bc's_failure_on_mining_pollution.pdf,B.C.'s failure on mining pollution leaving taxpayers on the hook,Stephen Hume,The Vancouver Sun,2016-10-17,,application/pdf,pdf,pdf,Mining; Pollution; Contamination; Ministry of Energy; Taxpayers,,/objects/small/sunro_october_17_2016_vancouver_sun_bc's_failure_on_mining_pollution_sm.jpg,/objects/thumbs/sunro_october_17_2016_vancouver_sun_bc's_failure_on_mining_pollution_th.jpg,
the_vancouver_sun_2016_10_05_8,jr-np-m-recent_008,/objects/the_vancouver_sun_2016_10_05_8.pdf,Copper Mine Tailings poison the Jordan River,Stephen Hume,The Vancouver Sun,2016-10-05,,application/pdf,pdf,pdf,Mining; Salmon; Metal Leaching; ,,/objects/small/the_vancouver_sun_2016_10_05_8_sm.jpg,/objects/thumbs/the_vancouver_sun_2016_10_05_8_th.jpg,
the_vancouver_sun_2017_03_11_94,jr-np-m-recent_010,/objects/the_vancouver_sun_2017_03_11_94.pdf,A Sense of Excitement,The Vancouver Sun,The Vancouver Sun,2017-03-11,,application/pdf,pdf,pdf,Mining; Hydroelectric; Logging; History,,/objects/small/the_vancouver_sun_2017_03_11_94_sm.jpg,/objects/thumbs/the_vancouver_sun_2017_03_11_94_th.jpg,
,,,,,,,,,,,,,,,
opssra_newsletter_2015_did_you_know_that_history_of_svi_logging,jr-np-l_001,/objects/opssra_newsletter_2015_did_you_know_that_history_of_svi_logging.pdf,"OPSRRA’S OTTER POINT, SHIRLEY & JORDAN RIVER
NEWSLETTER",OPSRRA,OPSRRA,2015-05,yes,application/pdf,newsletter,pdf,Dumping; Logging; Historical Review,Section 9 - Details about logging history,/objects/small/opssra_newsletter_2015_did_you_know_that_history_of_svi_logging_sm.jpg,/objects/thumbs/opssra_newsletter_2015_did_you_know_that_history_of_svi_logging_th.jpg,
times_colonist_1980_08_15_8_bc_forest_trio_buying_up_rayonier_canada,jr-np-l_002,/objects/times_colonist_1980_08_15_8_bc_forest_trio_buying_up_rayonier_canada.pdf,B.C. Forest Trio buying up Radonier Canada Assets,Times Colonist,Times Colonist,1980-08-15,,application/pdf,news article,pdf,Logging; B.C Forest Products; Rayonier Canada; ITT Industries Canada,,/objects/small/times_colonist_1980_08_15_8_bc_forest_trio_buying_up_rayonier_canada_sm.jpg,/objects/thumbs/times_colonist_1980_08_15_8_bc_forest_trio_buying_up_rayonier_canada_th.jpg,
times_colonist_1983_point_no_point_rail,jr-np-l_003,/objects/times_colonist_1983_point_no_point_rail.pdf,Point No Point and its Railway,Patrick Hind,Times Colonist,1983-02-20,,application/pdf,news article,pdf,Logging; island logging company; log boom,,/objects/small/times_colonist_1983_point_no_point_rail_sm.jpg,/objects/thumbs/times_colonist_1983_point_no_point_rail_th.jpg,
1961_coastnews_12_1_handover_of_jr_water_power_from_bce_to_bch,jr-np-l_004,/objects/1961_coastnews_12_1_handover_of_jr_water_power_from_bce_to_bch.pdf,BCE  change-over for New Year's Eve,Coast News ,Coast News ,1961-12-21,,application/pdf,news article,pdf,Logging,,/objects/small/1961_coastnews_12_1_handover_of_jr_water_power_from_bce_to_bch_sm.jpg,/objects/thumbs/1961_coastnews_12_1_handover_of_jr_water_power_from_bce_to_bch_th.jpg,
1908_bndry_p2col4_9_32kacressold_us_by_jr_lumber,jr-np-l-1900-1920_001,/objects/1908_bndry_p2col4_9_32kacressold_us_by_jr_lumber.pdf,"The Jordan River Lumber Company, of Vancouver Island, has disposed of 32.000 acres of timber to Michigan and Seattle capitalists for a million dollars.'",Boundary Creek Times,Boundary Creek Times,1909-04-02,,application/pdf,news article,pdf,Logging; The Jordan River Lumber Company,"The Jordan River Lumber Company, of Vancouver Island, has disposed of 32.000 acres of timber to Michigan and Seattle capitalists for a million dollars.'
",/objects/small/1908_bndry_p2col4_9_32kacressold_us_by_jr_lumber_sm.jpg,/objects/thumbs/1908_bndry_p2col4_9_32kacressold_us_by_jr_lumber_th.jpg,
1908_wkly_p7col9certificate_of_regjrlumber,jr-np-l-1900-1920_002,/objects/1908_wkly_p7col9certificate_of_regjrlumber.pdf,CERTIFICATE OF THE REGISTRATION OF AN EXTRA-PROVINCIAL COMPANY,The Week,The Week,1908-12-07,,application/pdf,news article,pdf,Logging; The Jordan River Lumber Company,,/objects/small/1908_wkly_p7col9certificate_of_regjrlumber_sm.jpg,/objects/thumbs/1908_wkly_p7col9certificate_of_regjrlumber_th.jpg,
1909_crnbrk_1_5_lumber_dvelopents_transactions,jr-np-l-1900-1920_003,/objects/1909_crnbrk_1_5_lumber_dvelopents_transactions.pdf,"W. R. Welch and B. T. Lyons, of Now York, who recently bought the limits of the Jordan River Timber company",The Cranbrook Herald,The Cranbrook Herald,1909-04-08,,application/pdf,news article,pdf,Loggin; The Jordan River Lumber Company,,/objects/small/1909_crnbrk_1_5_lumber_dvelopents_transactions_sm.jpg,/objects/thumbs/1909_crnbrk_1_5_lumber_dvelopents_transactions_th.jpg,
1909_nlsn_timberlandsold_jr180k6_1,jr-np-l-1900-1920_004,/objects/1909_nlsn_timberlandsold_jr180k6_1.pdf,News of the Dominion,The Daily News,The Daily News,1909-04-08,,application/pdf,news article,pdf,Logging,,/objects/small/1909_nlsn_timberlandsold_jr180k6_1_sm.jpg,/objects/thumbs/1909_nlsn_timberlandsold_jr180k6_1_th.jpg,
1910_bc_timber_profitable_3_1,jr-np-l-1900-1920_005,/objects/1910_bc_timber_profitable_3_1.pdf,B.C. Timber Profitable,The Mail-Herald,The Mail-Herald,1910-12-14,,application/pdf,news article,pdf,Logging,,/objects/small/1910_bc_timber_profitable_3_1_sm.jpg,/objects/thumbs/1910_bc_timber_profitable_3_1_th.jpg,
1916_nelsondaily_6_2_feature_article_on_tracts_of_land_for_loggin,jr-np-l-1900-1920_006,/objects/1916_nelsondaily_6_2_feature_article_on_tracts_of_land_for_loggin.pdf,"Grants Allowed on Surveyors' Reports: Committee Hears Statement Concerning Tracts of Land on Jordan River, Vancouver. Island.",The Daily News,The Daily News,1916-05-04,,application/pdf,news article,pdf,Logging; Land Grants,,/objects/small/1916_nelsondaily_6_2_feature_article_on_tracts_of_land_for_loggin_sm.jpg,/objects/thumbs/1916_nelsondaily_6_2_feature_article_on_tracts_of_land_for_loggin_th.jpg,
"1918_bcrecord_750,000_4_2_timber_license_deal",jr-np-l-1900-1920_007,"/objects/1918_bcrecord_750,000_4_2_timber_license_deal.pdf",Big Island Timber Deal is Under Way ,British Columbia Record,British Columbia Record,1918-05-17,,application/pdf,news article,pdf,Logging,,"/objects/small/1918_bcrecord_750,000_4_2_timber_license_deal_sm.jpg","/objects/thumbs/1918_bcrecord_750,000_4_2_timber_license_deal_th.jpg",
the_week_1914_water_notice_clearing_streams,jr-np-l-1900-1920_008,/objects/the_week_1914_water_notice_clearing_streams.pdf,Water Notice: Clearing-Streams,The Week,The Week,1914-10-03,,application/pdf,news article,pdf,Logging,,/objects/small/the_week_1914_water_notice_clearing_streams_sm.jpg,/objects/thumbs/the_week_1914_water_notice_clearing_streams_th.jpg,
vdt_1909_jr_million_dollar_lumber_deal,jr-np-l-1900-1920_009,/objects/vdt_1909_jr_million_dollar_lumber_deal.pdf,Million Dollar Lumber Deal: Americans Purchase Jordan River Limits,The Victoria Daily Times,The Victoria Daily Times,1909-03-16,,application/pdf,news article,pdf,Logging,,/objects/small/vdt_1909_jr_million_dollar_lumber_deal_sm.jpg,/objects/thumbs/vdt_1909_jr_million_dollar_lumber_deal_th.jpg,
,,,,,,,,,,,,,/objects/small/_sm.jpg,/objects/thumbs/_th.jpg,
1928_nelsondaily_2_2_chinese drowneed_in_boom_at_jr,jr-np-l-1921-1960_001,/objects/1928_nelsondaily_2_2_chinese drowneed_in_boom_at_jr.pdf,Drowns in Boom,The Daily News,The Daily News,1928-07-16,,application/pdf,news article,pdf,Drowning; Logging; Booming,,/objects/small/1928_nelsondaily_2_2_chinese drowneed_in_boom_at_jr_sm.jpg,/objects/thumbs/1928_nelsondaily_2_2_chinese drowneed_in_boom_at_jr_th.jpg,
1928_nelsondaily_2_5_logger_find_huge_whale_fossils,jr-np-l-1921-1960_002,/objects/1928_nelsondaily_2_5_logger_find_huge_whale_fossils.pdf,Hunt Whales off Vancouver Island,The Daily News,The Daily News,1928-08-31,,application/pdf,news article,pdf,Logging; Whale Hunting; History,,/objects/small/1928_nelsondaily_2_5_logger_find_huge_whale_fossils_sm.jpg,/objects/thumbs/1928_nelsondaily_2_5_logger_find_huge_whale_fossils_th.jpg,
1932_nelsondaily_1_3_somebody_died_in_JR_working_for_mulligan_lumber_company,jr-np-l-1921-1960_003,/objects/1932_nelsondaily_1_3_somebody_died_in_JR_working_for_mulligan_lumber_company.pdf,Falling Tree is Cause of Death,Nelson Daily News,Nelson Daily News,1932-04-17,,application/pdf,news article,pdf,Logging; Casualty,,/objects/small/1932_nelsondaily_1_3_somebody_died_in_JR_working_for_mulligan_lumber_company_sm.jpg,/objects/thumbs/1932_nelsondaily_1_3_somebody_died_in_JR_working_for_mulligan_lumber_company_th.jpg,
1937_nelsondaily_1_7_timber_license_auctioned_in_jordan_river,jr-np-l-1921-1960_004,/objects/1937_nelsondaily_1_7_timber_license_auctioned_in_jordan_river.pdf,Timber Licence Offered in Slocan,Nelson Daily News,Nelson Daily News,1937-03-30,,application/pdf,news article,pdf,Logging,,/objects/small/1937_nelsondaily_1_7_timber_license_auctioned_in_jordan_river_sm.jpg,/objects/thumbs/1937_nelsondaily_1_7_timber_license_auctioned_in_jordan_river_th.jpg,
1960_coast_news_4_1_story_of_logger_useful_as_it_offers_the_companies_they_worked_for_in_early_days,jr-np-l-1921-1960_005,/objects/1960_coast_news_4_1_story_of_logger_useful_as_it_offers_the_companies_they_worked_for_in_early_days.pdf,Robert Burns,,Coast News,1960-01-21,,application/pdf,news article,pdf,Logging,,/objects/small/1960_coast_news_4_1_story_of_logger_useful_as_it_offers_the_companies_they_worked_for_in_early_days_sm.jpg,/objects/thumbs/1960_coast_news_4_1_story_of_logger_useful_as_it_offers_the_companies_they_worked_for_in_early_days_th.jpg,
,,,,,,,,,,,,,,,
1906_newest_1000_pink_and_4000_sockeye_caught_in_jr_traps_3_3_3,jr-np-fish_001,/objects/1906_newest_1000_pink_and_4000_sockeye_caught_in_jr_traps_3_3_3.pdf,Tons of Sockeyes Caught in Traps,The Daily News,The Daily News,1906-07-17,,application/pdf,news article,pdf,Fishing; Salmon; Traps,,/objects/small/1906_newest_1000_pink_and_4000_sockeye_caught_in_jr_traps_3_3_3_sm.jpg,/objects/thumbs/1906_newest_1000_pink_and_4000_sockeye_caught_in_jr_traps_3_3_3_th.jpg,
bcsessional_10064128,jr-np-fish_003,/objects/bcsessional_10064128.pdf,Application for Foreshore Rights,W. C. WELLS,RICHARD WOLFENDEN,1902,,application/pdf,application,pdf,Fishing; Traps,,/objects/small/bcsessional_10064128_sm.jpg,/objects/thumbs/bcsessional_10064128_th.jpg,
bcsessional_10064162,jr-np-fish_004,/objects/bcsessional_10064162.pdf,REPORT OF THE FISHERIES COMMISSIONER FOR BRITISH COLUMBIA,John Pease Babcock,Fisheries Commissioner,1902,,application/pdf,news article,pdf,Fishing; Traps,,/objects/small/bcsessional_10064162_sm.jpg,/objects/thumbs/bcsessional_10064162_th.jpg,
campbell_2015_heritate_sites_and_areas_of_historical_interest_in_otter_point_history,jr-np-fish_005,/objects/campbell_2015_heritate_sites_and_areas_of_historical_interest_in_otter_point_history.pdf,Otter Point History,,Sooke Region Historical Society,2014-01-01,,application/pdf,news article,pdf,Otter Point; Settlement; Fishing,,/objects/small/campbell_2015_heritate_sites_and_areas_of_historical_interest_in_otter_point_history_sm.jpg,/objects/thumbs/campbell_2015_heritate_sites_and_areas_of_historical_interest_in_otter_point_history_th.jpg,
knowbc_website_2022_traps_and_weirs_in_knowbc,jr-np-fish_007,/objects/knowbc_website_2022_traps_and_weirs_in_knowbc.pdf,Traps and Weirs,,KNOWBC.com ,,,application/pdf,Web Page,pdf,Indigenous Fishing Practices; Fishing,,/objects/small/knowbc_website_2022_traps_and_weirs_in_knowbc_sm.jpg,/objects/thumbs/knowbc_website_2022_traps_and_weirs_in_knowbc_th.jpg,
macfarlane_2017_fish _traps_on_the_british_columbia_coast_in_the_nauticapedia,jr-np-fish_008,/objects/macfarlane_2017_fish _traps_on_the_british_columbia_coast_in_the_nauticapedia.pdf,Fish Traps on the British Columbia Coast,John MacFarlane,The Nauticapedia,2017,,application/pdf,news article,pdf,Fishing; Traps;,,/objects/small/macfarlane_2017_fish _traps_on_the_british_columbia_coast_in_the_nauticapedia_sm.jpg,/objects/thumbs/macfarlane_2017_fish _traps_on_the_british_columbia_coast_in_the_nauticapedia_th.jpg,
micfitz_2015_the_rise_and_demise_of_jh_todd_and_sons_british_columbias_enduring_independent_salmon_canners,jr-np-fish_009,/objects/micfitz_2015_the_rise_and_demise_of_jh_todd_and_sons_british_columbias_enduring_independent_salmon_canners.pdf,"The Rise and Demise of J.H. Todd and Sons, British Columbia’s Enduring Independent Salmon Canners",Mickey Fitzgerald,University of Victoria,2015,,application/pdf,news article,pdf,Fishing; Canning; J. H. Todd & Sons,,/objects/small/micfitz_2015_the_rise_and_demise_of_jh_todd_and_sons_british_columbias_enduring_independent_salmon_canners_sm.jpg,/objects/thumbs/micfitz_2015_the_rise_and_demise_of_jh_todd_and_sons_british_columbias_enduring_independent_salmon_canners_th.jpg,
millerd_2000_turning_points_in_the_development_of_the_bc_salmon_fishery,jr-np-fish_010,/objects/millerd_2000_turning_points_in_the_development_of_the_bc_salmon_fishery.pdf,Turning Points in the Development of the British Columbia Salmon Fishery,Frank Millerd,Wilfrid Laurier University,2000,,application/pdf,news article,pdf,salmon; fishing rights,,/objects/small/millerd_2000_turning_points_in_the_development_of_the_bc_salmon_fishery_sm.jpg,/objects/thumbs/millerd_2000_turning_points_in_the_development_of_the_bc_salmon_fishery_th.jpg,
millerd_2007_early_attempts_to_establish_exclusive_rights_in_the_bc_salmon_industry,jr-np-fish_011,/objects/millerd_2007_early_attempts_to_establish_exclusive_rights_in_the_bc_salmon_industry.pdf,"Early Attempts at Establishing Exclusive Rights in
the British Columbia Salmon Fishery",Frank Millerd,University of Wisconsin Press,2007-02,,application/pdf,news article,pdf,Fishing; Traps;,,/objects/small/millerd_2007_early_attempts_to_establish_exclusive_rights_in_the_bc_salmon_industry_sm.jpg,/objects/thumbs/millerd_2007_early_attempts_to_establish_exclusive_rights_in_the_bc_salmon_industry_th.jpg,
nelsondaymin1904new_canner_capital_city_packing_jr_and_beecher_bay_evidence_of_fish_traps_in_jordan_river_1_7_9,jr-np-fish_012,/objects/nelsondaymin1904new_canner_capital_city_packing_jr_and_beecher_bay_evidence_of_fish_traps_in_jordan_river_1_7_9.pdf,Will Construct Traps,,The Daily News,1904-04-16,,application/pdf,news article,pdf,Fishing; Canning; J. H. Todd & Sons,,/objects/small/nelsondaymin1904new_canner_capital_city_packing_jr_and_beecher_bay_evidence_of_fish_traps_in_jordan_river_1_7_9_sm.jpg,/objects/thumbs/nelsondaymin1904new_canner_capital_city_packing_jr_and_beecher_bay_evidence_of_fish_traps_in_jordan_river_1_7_9_th.jpg,
payton_2021_like_a_hotel_california_for_fish_in_the_tyee,jr-np-fish_013,/objects/payton_2021_like_a_hotel_california_for_fish_in_the_tyee.pdf,Like a Hotel California for Fish,Brian Payton,The Tyee,2021-09-02,,application/pdf,news article,pdf,Indigenous Fishing Practices; Fishing; Traps,,/objects/small/payton_2021_like_a_hotel_california_for_fish_in_the_tyee_sm.jpg,/objects/thumbs/payton_2021_like_a_hotel_california_for_fish_in_the_tyee_th.jpg,
payton_2022_can_ancient_indigenous_technology_help_save_bcs_salmon_in_the_walrus,jr-np-fish_014,/objects/payton_2022_can_ancient_indigenous_technology_help_save_bcs_salmon_in_the_walrus.pdf,Can Ancient Indigenous Technology Help Save BC’s Salmon?,Brian Payton,The Walrus,2021-09-01,,application/pdf,news article,pdf,Indigenous Fishing Practices; Fishing; Traps; Restoration; Preservation,,/objects/small/payton_2022_can_ancient_indigenous_technology_help_save_bcs_salmon_in_the_walrus_sm.jpg,/objects/thumbs/payton_2022_can_ancient_indigenous_technology_help_save_bcs_salmon_in_the_walrus_th.jpg,
peers_2012_sooke_once_had_a_salmon_cannery_in_sooke_news_mirror,jr-np-fish_015,/objects/peers_2012_sooke_once_had_a_salmon_cannery_in_sooke_news_mirror.pdf,Sooke once had a salmon cannery,Elida Peers,Sooke News Mirror,2012-10-24,,application/pdf,news article,pdf,J. H. Todd & Sons; Canning; Sooke Harbour Fishing and Packing Company; Fishing,,/objects/small/peers_2012_sooke_once_had_a_salmon_cannery_in_sooke_news_mirror_sm.jpg,/objects/thumbs/peers_2012_sooke_once_had_a_salmon_cannery_in_sooke_news_mirror_th.jpg,
peers_2016_living_on_a_salmon_trap_in_sooke_news_mirror,jr-np-fish_016,/objects/peers_2016_living_on_a_salmon_trap_in_sooke_news_mirror.pdf,SOOKE HISTORY: Living on a salmon trap,Elida Peers,Sooke News Mirror,2016-07-06,,application/pdf,news article,pdf,J. H. Todd & Sons; Canning; Sooke Harbour Fishing and Packing Company; Fishing; Indigenous Fishing Practices; Fishing; Traps,,/objects/small/peers_2016_living_on_a_salmon_trap_in_sooke_news_mirror_sm.jpg,/objects/thumbs/peers_2016_living_on_a_salmon_trap_in_sooke_news_mirror_th.jpg,
project_watershed_website_highlights_from_the_ancient_fish_trap_study,jr-np-fish_017,/objects/project_watershed_website_highlights_from_the_ancient_fish_trap_study.pdf,Highlights from the Ancient Fish Trap Study,,Project Watershed,,,application/pdf,news article,pdf,Indigenous Fishing Practices; Fishing; Traps,,/objects/small/project_watershed_website_highlights_from_the_ancient_fish_trap_study_sm.jpg,/objects/thumbs/project_watershed_website_highlights_from_the_ancient_fish_trap_study_th.jpg,
selkirk_2021_an_underwater_mystery_on_canadas_coast_in_bbc_website,jr-np-fish_018,/objects/selkirk_2021_an_underwater_mystery_on_canadas_coast_in_bbc_website.pdf,An underwater mystery on Canada's coast,Diane Selkirk,BBC,2021-10-14,,application/pdf,news article,pdf,Indigenous Fishing Practices; Fishing; Traps,Tens of thousands of wooden stakes poking up from British Columbia's shoreline have smashed a long-held stereotype of Canada's First Nation people.,/objects/small/selkirk_2021_an_underwater_mystery_on_canadas_coast_in_bbc_website_sm.jpg,/objects/thumbs/selkirk_2021_an_underwater_mystery_on_canadas_coast_in_bbc_website_th.jpg,
vdt_1902_foreshore_lease_notice_for_fishing,jr-np-fish_021,/objects/vdt_1902_foreshore_lease_notice_for_fishing.pdf,Lease Notice for Fishing,,Victoria Daily Times,1902-08-05,,application/pdf,news article,pdf,Fishing; Lease,,/objects/small/vdt_1902_foreshore_lease_notice_for_fishing_sm.jpg,/objects/thumbs/vdt_1902_foreshore_lease_notice_for_fishing_th.jpg,
,,,,,,,,,,,,,,,
1901_gdln_commercial_pacific_tele_cable4_3_11,jr-np-s_001,/objects/1901_gdln_commercial_pacific_tele_cable4_3_11.pdf,A Survey Party on board the S.S. Quadra proceeded to the Jordan River and commenced a Survey...,The Golden Era,The Golden Era,1901-04-05,,application/pdf,news article,pdf,Settlement,,/objects/small/1901_gdln_commercial_pacific_tele_cable4_3_11_sm.jpg,/objects/thumbs/1901_gdln_commercial_pacific_tele_cable4_3_11_th.jpg,
1908nlsndaily_tug_with_a_history,jr-np-s_002,/objects/1908nlsndaily_tug_with_a_history.pdf,Tug With a History,The Daily News,The Daily News,1908-01-27,,application/pdf,news article,pdf,Settlement; Lumber,,/objects/small/1908nlsndaily_tug_with_a_history_sm.jpg,/objects/thumbs/1908nlsndaily_tug_with_a_history_th.jpg,
1909nlsn8_5_10_death_in_pile_driver_accident,jr-np-s_003,/objects/1909nlsn8_5_10_death_in_pile_driver_accident.pdf,Killed by Derrick ,The Daily News,The Daily News,1909-05-16,,application/pdf,news article,pdf,Settlement,,/objects/small/1909nlsn8_5_10_death_in_pile_driver_accident_sm.jpg,/objects/thumbs/1909nlsn8_5_10_death_in_pile_driver_accident_th.jpg,
1910_daily_progress_2_1,jr-np-s_004,/objects/1910_daily_progress_2_1.pdf,"Victoria Must Make Enormous Progress During 1910, Because During 1910 the Following Will Be Under Way",The Daily News,The Daily News,1910-02-13,,application/pdf,news article,pdf,Settlement; Railway; Electric Power,,/objects/small/1910_daily_progress_2_1_sm.jpg,/objects/thumbs/1910_daily_progress_2_1_th.jpg,
1911_week,jr-np-s_005,/objects/1911_week.pdf,B.C.E.R. Extensions,The Week,The Week,1911-02-25,,application/pdf,news article,pdf,Settlement; Power Plant,,/objects/small/1911_week_sm.jpg,/objects/thumbs/1911_week_th.jpg,
1914_cumberland_4_2_best_thing_fed_did_in_1913_was_extend_telgraph_line_to_jr,jr-np-s_006,/objects/1914_cumberland_4_2_best_thing_fed_did_in_1913_was_extend_telgraph_line_to_jr.pdf,The Islander,The Islander,The Islander,1914-02-07,,application/pdf,news article,pdf,Settlement,,/objects/small/1914_cumberland_4_2_best_thing_fed_did_in_1913_was_extend_telgraph_line_to_jr_sm.jpg,/objects/thumbs/1914_cumberland_4_2_best_thing_fed_did_in_1913_was_extend_telgraph_line_to_jr_th.jpg,
1923_abpost_3_4_resolution_to_build_23_mile_highway_bt_pr_and_jr,jr-np-s_007,/objects/1923_abpost_3_4_resolution_to_build_23_mile_highway_bt_pr_and_jr.pdf,,The Abbotsford Post,The Abbotsford Post,1923-08-30,,application/pdf,news article,pdf,Settlement; Canadian National Railway,,/objects/small/1923_abpost_3_4_resolution_to_build_23_mile_highway_bt_pr_and_jr_sm.jpg,/objects/thumbs/1923_abpost_3_4_resolution_to_build_23_mile_highway_bt_pr_and_jr_th.jpg,
1927_nelsondaily_3_1_confirmation_of_jr_to_pr_road_to_be_built_500,jr-np-s_008,/objects/1927_nelsondaily_3_1_confirmation_of_jr_to_pr_road_to_be_built_500.pdf,Jordan River Road to be Built,The Daily News,The Daily News, 1927-12-08,,application/pdf,news article,pdf,Settlement; Road,,/objects/small/1927_nelsondaily_3_1_confirmation_of_jr_to_pr_road_to_be_built_500_sm.jpg,/objects/thumbs/1927_nelsondaily_3_1_confirmation_of_jr_to_pr_road_to_be_built_500_th.jpg,
1927_nelsondaily_jordan_river_quintet_bball_wins,jr-np-s_009,/objects/1927_nelsondaily_jordan_river_quintet_bball_wins.pdf,Kelowna Beaten,The Daily News,The Daily News,1928-01-11,,application/pdf,news article,pdf,Settlement,,/objects/small/1927_nelsondaily_jordan_river_quintet_bball_wins_sm.jpg,/objects/thumbs/1927_nelsondaily_jordan_river_quintet_bball_wins_th.jpg,
1928_grandforks_3_4_highway_report_sooke_to_jr_road_fair,jr-np-s_010,/objects/1928_grandforks_3_4_highway_report_sooke_to_jr_road_fair.pdf,Vancouver Island,The Grand Forks Sun,The Grand Forks Sun,1928-09-07,,application/pdf,news article,pdf,Settlement,,/objects/small/1928_grandforks_3_4_highway_report_sooke_to_jr_road_fair_sm.jpg,/objects/thumbs/1928_grandforks_3_4_highway_report_sooke_to_jr_road_fair_th.jpg,
1928_nelsondaily_7_3_jr_defeated_by_university_team,jr-np-s_011,/objects/1928_nelsondaily_7_3_jr_defeated_by_university_team.pdf,Sandon Notes,The Daily News,The Daily News,1928-03-10,,application/pdf,news article,pdf,Settlement,,/objects/small/1928_nelsondaily_7_3_jr_defeated_by_university_team_sm.jpg,/objects/thumbs/1928_nelsondaily_7_3_jr_defeated_by_university_team_th.jpg,
1928_nelsondaily_7_5_jordan_river_island_winners,jr-np-s_012,/objects/1928_nelsondaily_7_5_jordan_river_island_winners.pdf,Butler's Shot Just Before Bell Wins for Varsity Team,The Daily News,The Daily News,1928-03-07,,application/pdf,news article,pdf,Settlement,,/objects/small/1928_nelsondaily_7_5_jordan_river_island_winners_sm.jpg,/objects/thumbs/1928_nelsondaily_7_5_jordan_river_island_winners_th.jpg,
1933_nelsondaily_2_5_plan_to_extend_trail_from_jr_to_pr_underway,jr-np-s_013,/objects/1933_nelsondaily_2_5_plan_to_extend_trail_from_jr_to_pr_underway.pdf,Plan Road Work as Relief Move,The Daily News,The Daily News,1933-10-06,,application/pdf,news article,pdf,Settlement; Road,,/objects/small/1933_nelsondaily_2_5_plan_to_extend_trail_from_jr_to_pr_underway_sm.jpg,/objects/thumbs/1933_nelsondaily_2_5_plan_to_extend_trail_from_jr_to_pr_underway_th.jpg,
1936_nelsondaily_1_7_jr_to_victoria_part_of_the_big_road_tweaking_program,jr-np-s_014,/objects/1936_nelsondaily_1_7_jr_to_victoria_part_of_the_big_road_tweaking_program.pdf,Main Highways,The Daily News,The Daily News,1936-06-30,,application/pdf,news article,pdf,Settlement; Road,,/objects/small/1936_nelsondaily_1_7_jr_to_victoria_part_of_the_big_road_tweaking_program_sm.jpg,/objects/thumbs/1936_nelsondaily_1_7_jr_to_victoria_part_of_the_big_road_tweaking_program_th.jpg,
daily_colonist_1936_05_31_little_rills_and_waters_numberless,jr-np-s_015,/objects/daily_colonist_1936_05_31_little_rills_and_waters_numberless.pdf,Little Rills and Water Numberles,Robert Connell,The Daily Colonist,1936-05-31,,application/pdf,news article,pdf,Settlement; Ecology,,/objects/small/daily_colonist_1936_05_31_little_rills_and_waters_numberless_sm.jpg,/objects/thumbs/daily_colonist_1936_05_31_little_rills_and_waters_numberless_th.jpg,
edmonton_journal_1980_12_29_59_hotel_for_sale,jr-np-s_016,/objects/edmonton_journal_1980_12_29_59_hotel_for_sale.jpg,Hotel for Sale,,Edmonton Journal,1980,,application/pdf,news article,pdf,Settlement; Real Estate,,/objects/small/edmonton_journal_1980_12_29_59_hotel_for_sale_sm.jpg,/objects/thumbs/edmonton_journal_1980_12_29_59_hotel_for_sale_th.jpg,
nelsondaymin_1901_longest_cable_in_the_word_pg1col5para6,jr-np-s_017,/objects/nelsondaymin_1901_longest_cable_in_the_word_pg1col5para6.pdf,Laying Pacific Cable,Nelson Daily Miner,Nelson Daily Miner,1901,,application/pdf,news article,pdf,Settlement; Cable,,/objects/small/nelsondaymin_1901_longest_cable_in_the_word_pg1col5para6_sm.jpg,/objects/thumbs/nelsondaymin_1901_longest_cable_in_the_word_pg1col5para6_th.jpg,
new_west_1906_1_2_4,jr-np-s_018,/objects/new_west_1906_1_2_4.pdf,Heavy Seas Interfere With Building of Traps,The Daily News ,The Daily News,1906-05-22,,application/pdf,news article,pdf,Settlement; Traps; Fishing,,/objects/small/new_west_1906_1_2_4_sm.jpg,/objects/thumbs/new_west_1906_1_2_4_th.jpg,
nnmo_daytele_1894_body_in_surf_at_lost_river_pg2col1para7,jr-np-s_019,/objects/nnmo_daytele_1894_body_in_surf_at_lost_river_pg2col1para7.pdf,Wrecked Lumber Schooner,The Daily Telegram,The Daily Telegram,1894-01-23,,application/pdf,news article,pdf,Settlement; Shipwreck,,/objects/small/nnmo_daytele_1894_body_in_surf_at_lost_river_pg2col1para7_sm.jpg,/objects/thumbs/nnmo_daytele_1894_body_in_surf_at_lost_river_pg2col1para7_th.jpg,
the_victoria_daily_times_1923_09_29_17_rambles_around_victoria,jr-np-s_021,/objects/the_victoria_daily_times_1923_09_29_17_rambles_around_victoria.pdf,Rambled Round Victoria,The Victoria Daily Times,The Victoria Daily Times,1923-09-29,,application/pdf,news article,pdf,Settlement,,/objects/small/the_victoria_daily_times_1923_09_29_17_rambles_around_victoria_sm.jpg,/objects/thumbs/the_victoria_daily_times_1923_09_29_17_rambles_around_victoria_th.jpg,
times_colonist_fri_feb_28_1975,jr-np-s_022,/objects/times_colonist_fri_feb_28_1975.pdf,Bullets in Shoulder Only the Beginning of Hr Nightmare,Derek Sidenius ,Times Colonist,1975-02-28,,application/pdf,news article,pdf,Settlement,,/objects/small/times_colonist_fri_feb_28_1975_sm.jpg,/objects/thumbs/times_colonist_fri_feb_28_1975_th.jpg,
final_jordan_solar_initial_project_description_and_early_engagement_plan_19dec23_deva,jr-np-s-solar_001,/objects/final_jordan_solar_initial_project_description_and_early_engagement_plan_19dec23_deva.pdf,Jordan Solar and Energy Storage,,iMapBC,,,application/pdf,news article,pdf,Settlement; Solar; Map; Energy Storage,,/objects/small/final_jordan_solar_initial_project_description_and_early_engagement_plan_19dec23_deva_sm.jpg,/objects/thumbs/final_jordan_solar_initial_project_description_and_early_engagement_plan_19dec23_deva_th.jpg,
jordan_solar_location,jr-np-s-solar_002,/objects/jordan_solar_location.pdf,Jordan Solar and Energy Storage Project,,Recurrent Energy,2023-12,,application/pdf,news article,pdf,Settlement; Solar; Energy Storage,,/objects/small/jordan_solar_location_sm.jpg,/objects/thumbs/jordan_solar_location_th.jpg,
,,,,,,,,,,,,,,,
1975_vancouver_jan_4_save_estuaries_and_you_save_people_from_starving,jr-np-ra_002,/objects/1975_vancouver_jan_4_save_estuaries_and_you_save_people_from_starving.pdf,Save Estuaries and you save people from starving,Moira Farrow,The Vancouver Sun,1975-1-4,,application/pdf,news article,pdf,Estuaries; Ecology; Logging; Hydroelectric; Mining,,/objects/small/1975_vancouver_jan_4_save_estuaries_and_you_save_people_from_starving_sm.jpg,/objects/thumbs/1975_vancouver_jan_4_save_estuaries_and_you_save_people_from_starving_th.jpg,
barkham_2021_should_rivers_have_the_same_rights_as_people_in_guardian,jr-np-ra-other_001,/objects/barkham_2021_should_rivers_have_the_same_rights_as_people_in_guardian.pdf,"Should rivers have the same rights as
people?",Patrick Barkham,The Guardian,2021-07-25,,application/pdf,news article,pdf,Ecology; Environmentalism; Hydrology; Indigenous Peoples,,/objects/small/barkham_2021_should_rivers_have_the_same_rights_as_people_in_guardian_sm.jpg,/objects/thumbs/barkham_2021_should_rivers_have_the_same_rights_as_people_in_guardian_th.jpg,
casselman_2_15_who_is_watching_bcs_environmental_watch_dogs_in_bcbusiness,jr-np-ra-other_002,/objects/casselman_2_15_who_is_watching_bcs_environmental_watch_dogs_in_bcbusiness.pdf,Who is watching B.C.'s environmental watch dogs?,Anne Casselman,BCBusiness,2015-07-14,,application/pdf,news article,pdf,Compromised Environmentalism; Ecology,,/objects/small/casselman_2_15_who_is_watching_bcs_environmental_watch_dogs_in_bcbusiness_sm.jpg,/objects/thumbs/casselman_2_15_who_is_watching_bcs_environmental_watch_dogs_in_bcbusiness_th.jpg,
khatibi_2021_discoverarticle_can_public_awareness_knowledge,jr-np-ra-other_003,/objects/khatibi_2021_discoverarticle_can_public_awareness_knowledge.pdf,"Can public awareness, knowledge and engagement improve climate change adaptation policies?",Farzaneh Shaikh Khatibi; Aysin Dedekorkut‑Howes; Michael Howes; Elnaz Torabi,Discover Sustainability,2021-02-25,,application/pdf,news article,pdf,Public involvement; Citizen participation; Local and traditional knowledge,,/objects/small/khatibi_2021_discoverarticle_can_public_awareness_knowledge_sm.jpg,/objects/thumbs/khatibi_2021_discoverarticle_can_public_awareness_knowledge_th.jpg,
nunn_2023_repair_and_the_2014_mount_polley_mine_disaster,jr-np-ra-other_004,/objects/nunn_2023_repair_and_the_2014_mount_polley_mine_disaster.pdf,"Repair and the 2014 Mount Polley Mine disaster: Anti Relationality, constraint, and legacies of socio-ecological disruption in settler colonial British Columbia",Neil Nunn,Society and Space,2023,,application/pdf,news article,pdf,Mount Polley Mine disaster; anti relationality; environmental justice; reparative planning; BC gold rush; settler colonialism; colonial modernity; 1862 smallpox epidemic,,/objects/small/nunn_2023_repair_and_the_2014_mount_polley_mine_disaster_sm.jpg,/objects/thumbs/nunn_2023_repair_and_the_2014_mount_polley_mine_disaster_th.jpg,
obrien_1993_being_a_scientists_means_taking_sides,jr-np-ra-other_005,/objects/obrien_1993_being_a_scientists_means_taking_sides.pdf,Being a Scientist Means Taking Sides,Mary H. O'Brien,BioScience,1993,,application/pdf,news article,pdf,Science; Politics; Public Interest;,,/objects/small/obrien_1993_being_a_scientists_means_taking_sides_sm.jpg,/objects/thumbs/obrien_1993_being_a_scientists_means_taking_sides_th.jpg,
,,,,,,,,,,,,,/objects/small/_sm.jpg,/objects/thumbs/_th.jpg,
davis_2017_jordan_river_restoration_bringing_back_the_habitat_bc_outdoors,jr-np-ra-jr_001,/objects/davis_2017_jordan_river_restoration_bringing_back_the_habitat_bc_outdoors.pdf,Jordan River Restoration,Thom Davis,BC Outdoors,2017-06-08,,application/pdf,news article,pdf,Hydroelectric; Mining; Logging; Restoration; Salmon; Indigenous Community,,/objects/small/davis_2017_jordan_river_restoration_bringing_back_the_habitat_bc_outdoors_sm.jpg,/objects/thumbs/davis_2017_jordan_river_restoration_bringing_back_the_habitat_bc_outdoors_th.jpg,
hoffman_2017_a_tale_of_two_rivers_science_borealis,jr-np-ra-jr_002,/objects/hoffman_2017_a_tale_of_two_rivers_science_borealis.pdf,A tale of two rivers,KIm Hoffman,Science Borealis,2017-02-13,,application/pdf,news article,pdf,Hydroelectric; Mining; Logging; Restoration; Salmon; Indigenous Community; Glines Canyon Dam,,/objects/small/hoffman_2017_a_tale_of_two_rivers_science_borealis_sm.jpg,/objects/thumbs/hoffman_2017_a_tale_of_two_rivers_science_borealis_th.jpg,